Id,Prediction
432,10.0
433,4.0
434,3.0
435,4.0
436,3.0
437,5.0
438,35.0
439,87.0
440,209.0
441,119.0
442,57.0
443,59.0
444,82.0
445,70.0
446,70.0
447,76.0
448,89.0
449,184.0
450,168.0
451,103.0
452,76.0
453,50.0
454,50.0
455,25.0
456,15.0
457,6.0
458,3.0
459,2.0
460,2.0
461,4.0
462,31.0
463,88.0
464,200.0
465,130.0
466,51.0
467,59.0
468,70.0
469,69.0
470,59.0
471,63.0
472,82.0
473,144.0
474,128.0
475,99.0
476,64.0
477,41.0
478,32.0
479,20.0
480,24.0
481,16.0
482,11.0
483,6.0
484,3.0
485,3.0
486,13.0
487,17.0
488,26.0
489,48.0
490,53.0
491,68.0
492,76.0
493,70.0
494,68.0
495,66.0
496,70.0
497,52.0
498,34.0
499,36.0
500,36.0
501,32.0
502,25.0
503,28.0
504,20.0
505,13.0
506,10.0
507,3.0
508,2.0
509,7.0
510,15.0
511,23.0
512,48.0
513,59.0
514,69.0
515,67.0
516,71.0
517,71.0
518,72.0
519,63.0
520,54.0
521,37.0
522,33.0
523,27.0
524,19.0
525,9.0
526,8.0
527,2.0
528,1.0
529,3.0
530,6.0
531,33.0
532,80.0
533,176.0
534,105.0
535,49.0
536,49.0
537,51.0
538,48.0
539,46.0
540,56.0
541,74.0
542,137.0
543,138.0
544,96.0
545,66.0
546,42.0
547,26.0
548,19.0
549,9.0
550,3.0
551,2.0
552,2.0
553,5.0
554,33.0
555,78.0
556,176.0
557,118.0
558,54.0
559,52.0
560,67.0
561,63.0
562,74.0
563,75.0
564,98.0
565,192.0
566,167.0
567,111.0
568,69.0
569,49.0
570,37.0
571,19.0
572,7.0
573,6.0
574,3.0
575,5.0
576,23.0
577,61.0
578,159.0
579,87.0
580,51.0
581,41.0
582,35.0
583,37.0
584,39.0
585,46.0
586,66.0
587,107.0
588,81.0
589,172.0
590,137.0
591,100.0
592,65.0
593,49.0
594,41.0
595,23.0
596,15.0
597,7.0
598,1.0
599,1.0
600,7.0
601,32.0
602,90.0
603,190.0
604,96.0
605,52.0
606,54.0
607,52.0
608,55.0
609,58.0
610,63.0
611,83.0
612,157.0
613,150.0
614,105.0
615,74.0
616,47.0
617,46.0
618,27.0
619,26.0
620,23.0
621,18.0
622,10.0
623,3.0
624,3.0
625,10.0
626,22.0
627,34.0
628,60.0
629,64.0
630,89.0
631,89.0
632,87.0
633,84.0
634,86.0
635,76.0
636,72.0
637,72.0
638,51.0
639,41.0
640,35.0
641,32.0
642,27.0
643,30.0
644,21.0
645,12.0
646,3.0
647,2.0
648,8.0
649,15.0
650,28.0
651,57.0
652,66.0
653,96.0
654,81.0
655,84.0
656,97.0
657,94.0
658,75.0
659,68.0
660,42.0
661,40.0
662,31.0
663,20.0
664,15.0
665,8.0
666,3.0
667,2.0
668,2.0
669,2.0
670,3.0
671,33.0
672,86.0
673,154.0
674,88.0
675,42.0
676,37.0
677,55.0
678,55.0
679,52.0
680,50.0
681,72.0
682,139.0
683,143.0
684,121.0
685,51.0
686,27.0
687,28.0
688,18.0
1135,37.0
1136,31.0
1137,18.0
1138,7.0
1139,4.0
1140,4.0
1141,10.0
1142,24.0
1143,48.0
1144,85.0
1145,110.0
1146,134.0
1147,165.0
1148,150.0
1149,165.0
1150,148.0
1151,124.0
1152,92.0
1153,75.0
1154,61.0
1155,49.0
1156,42.0
1157,31.0
1158,34.0
1159,28.0
1160,17.0
1161,7.0
1162,8.0
1163,7.0
1164,25.0
1165,63.0
1166,67.0
1167,61.0
1168,92.0
1169,113.0
1170,121.0
1171,80.0
1172,117.0
1173,113.0
1174,71.0
1175,85.0
1176,74.0
1177,62.0
1178,37.0
1179,29.0
1180,26.0
1181,18.0
1182,30.0
1183,96.0
1184,204.0
1185,120.0
1186,51.0
1187,54.0
1188,66.0
1189,78.0
1190,72.0
1191,71.0
1192,77.0
1193,165.0
1194,156.0
1195,101.0
1196,81.0
1197,61.0
1198,35.0
1199,21.0
1200,14.0
1201,7.0
1202,2.0
1203,2.0
1204,6.0
1205,35.0
1206,95.0
1207,202.0
1208,122.0
1209,56.0
1210,60.0
1211,76.0
1212,79.0
1213,80.0
1214,83.0
1215,104.0
1216,206.0
1217,193.0
1218,133.0
1219,76.0
1220,67.0
1221,45.0
1222,33.0
1223,13.0
1224,6.0
1225,2.0
1226,2.0
1227,6.0
1228,36.0
1229,98.0
1230,238.0
1231,127.0
1232,64.0
1233,72.0
1234,87.0
1235,82.0
1236,92.0
1237,53.0
1238,61.0
1239,110.0
1240,163.0
1241,78.0
1242,81.0
1243,64.0
1244,38.0
1245,35.0
1246,8.0
1247,8.0
1248,6.0
1249,2.0
1250,8.0
1251,27.0
1252,67.0
1253,145.0
1254,84.0
1255,55.0
1256,127.0
1257,139.0
1258,135.0
1259,143.0
1260,158.0
1261,110.0
1262,192.0
1263,166.0
1264,112.0
1265,75.0
1266,53.0
1267,42.0
1268,35.0
1269,32.0
1270,23.0
1271,16.0
1272,9.0
1273,4.0
1274,2.0
1275,3.0
1276,9.0
1277,22.0
1278,51.0
1279,95.0
1280,127.0
1281,133.0
1282,134.0
1283,133.0
1284,147.0
1285,143.0
1286,124.0
1287,91.0
1288,62.0
1289,55.0
1290,51.0
1291,47.0
1292,51.0
1293,39.0
1294,32.0
1295,22.0
1296,13.0
1297,3.0
1298,3.0
1299,8.0
1300,27.0
1301,42.0
1302,80.0
1303,122.0
1304,142.0
1305,155.0
1306,169.0
1307,200.0
1308,225.0
1309,128.0
1310,97.0
1311,69.0
1312,57.0
1313,57.0
1314,45.0
1315,33.0
1316,13.0
1317,4.0
1318,2.0
1319,9.0
1320,36.0
1321,110.0
1322,228.0
1323,135.0
1324,95.0
1325,109.0
1326,132.0
1327,71.0
1328,48.0
1329,45.0
1330,58.0
1331,89.0
1332,122.0
1333,84.0
1334,89.0
1335,70.0
1336,37.0
1337,23.0
1784,40.0
1785,35.0
1786,22.0
1787,11.0
1788,4.0
1789,3.0
1790,3.0
1791,15.0
1792,42.0
1793,64.0
1794,107.0
1795,135.0
1796,156.0
1797,158.0
1798,157.0
1799,160.0
1800,161.0
1801,161.0
1802,148.0
1803,104.0
1804,89.0
1805,62.0
1806,41.0
1807,30.0
1808,16.0
1809,10.0
1810,9.0
1811,3.0
1812,8.0
1813,39.0
1814,71.0
1815,220.0
1816,119.0
1817,78.0
1818,96.0
1819,104.0
1820,123.0
1821,122.0
1822,149.0
1823,192.0
1824,365.0
1825,325.0
1826,287.0
1827,209.0
1828,109.0
1829,96.0
1830,53.0
1831,38.0
1832,10.0
1833,9.0
1834,4.0
1835,5.0
1836,15.0
1837,54.0
1838,151.0
1839,255.0
1840,133.0
1841,108.0
1842,119.0
1843,136.0
1844,121.0
1845,116.0
1846,130.0
1847,182.0
1848,324.0
1849,302.0
1850,178.0
1851,136.0
1852,91.0
1853,68.0
1854,44.0
1855,19.0
1856,7.0
1857,6.0
1858,3.0
1859,10.0
1860,42.0
1861,123.0
1862,238.0
1863,131.0
1864,60.0
1865,66.0
1866,67.0
1867,64.0
1868,87.0
1869,91.0
1870,127.0
1871,218.0
1872,136.0
1873,111.0
1874,64.0
1875,53.0
1876,56.0
1877,49.0
1878,17.0
1879,5.0
1880,6.0
1881,4.0
1882,3.0
1883,10.0
1884,43.0
1885,85.0
1886,147.0
1887,127.0
1888,69.0
1889,70.0
1890,78.0
1891,82.0
1892,86.0
1893,82.0
1894,99.0
1895,188.0
1896,173.0
1897,125.0
1898,83.0
1899,73.0
1900,62.0
1901,41.0
1902,16.0
1903,6.0
1904,6.0
1905,4.0
1906,3.0
1907,11.0
1908,52.0
1909,126.0
1910,249.0
1911,150.0
1912,90.0
1913,96.0
1914,110.0
1915,110.0
1916,115.0
1917,99.0
1918,133.0
1919,204.0
1920,199.0
1921,125.0
1922,87.0
1923,75.0
1924,56.0
1925,41.0
1926,33.0
1927,29.0
1928,18.0
1929,9.0
1930,5.0
1931,5.0
1932,14.0
1933,29.0
1934,61.0
1935,99.0
1936,127.0
1937,133.0
1938,151.0
1939,161.0
1940,162.0
1941,170.0
1942,170.0
1943,168.0
1944,147.0
1945,102.0
1946,73.0
1947,64.0
1948,57.0
1949,41.0
1950,37.0
1951,28.0
1952,24.0
1953,12.0
1954,5.0
1955,15.0
1956,29.0
1957,51.0
1958,86.0
1959,112.0
1960,126.0
1961,141.0
1962,155.0
1963,163.0
1964,165.0
1965,169.0
1966,165.0
1967,132.0
1968,106.0
1969,70.0
1970,57.0
1971,46.0
1972,33.0
1973,12.0
1974,5.0
1975,5.0
1976,4.0
1977,11.0
1978,51.0
1979,125.0
1980,243.0
1981,142.0
1982,85.0
1983,79.0
1984,90.0
1985,88.0
1986,112.0
1987,114.0
1988,147.0
1989,252.0
1990,223.0
1991,151.0
1992,101.0
1993,88.0
1994,60.0
1995,33.0
1996,13.0
1997,4.0
1998,5.0
1999,3.0
2000,2.0
2001,9.0
2002,52.0
2003,129.0
2004,252.0
2005,144.0
2006,83.0
2007,73.0
2008,107.0
2009,105.0
2010,111.0
2011,120.0
2012,150.0
2013,250.0
2014,240.0
2015,162.0
2016,125.0
2017,94.0
2018,67.0
2019,41.0
2020,17.0
2021,9.0
2022,7.0
2023,5.0
2024,6.0
2025,13.0
2026,52.0
2027,146.0
2028,257.0
2029,145.0
2030,83.0
2031,83.0
2032,94.0
2033,96.0
2034,87.0
2035,60.0
2036,73.0
2037,131.0
2038,137.0
2039,94.0
2040,62.0
2041,61.0
2042,44.0
2043,32.0
2044,10.0
2045,5.0
2046,5.0
2047,3.0
2048,3.0
2049,10.0
2050,28.0
2051,87.0
2052,212.0
2053,86.0
2054,64.0
2055,63.0
2056,70.0
2057,64.0
2058,61.0
2059,55.0
2060,79.0
2061,157.0
2062,152.0
2063,109.0
2064,61.0
2065,61.0
2066,46.0
2067,40.0
2523,39.0
2524,9.0
2525,9.0
2526,5.0
2527,5.0
2528,13.0
2529,63.0
2530,178.0
2531,379.0
2532,184.0
2533,122.0
2534,132.0
2535,173.0
2536,160.0
2537,154.0
2538,158.0
2539,241.0
2540,417.0
2541,385.0
2542,328.0
2543,223.0
2544,180.0
2545,131.0
2546,82.0
2547,33.0
2548,15.0
2549,11.0
2550,5.0
2551,7.0
2552,18.0
2553,55.0
2554,156.0
2555,268.0
2556,156.0
2557,111.0
2558,126.0
2559,140.0
2560,137.0
2561,127.0
2562,134.0
2563,189.0
2564,333.0
2565,319.0
2566,221.0
2567,203.0
2568,130.0
2569,99.0
2570,54.0
2571,27.0
2572,15.0
2573,10.0
2574,4.0
2575,4.0
2576,10.0
2577,64.0
2578,143.0
2579,249.0
2580,100.0
2581,102.0
2582,78.0
2583,82.0
2584,57.0
2585,23.0
2586,54.0
2587,95.0
2588,141.0
2589,62.0
2590,64.0
2591,61.0
2592,60.0
2593,58.0
2594,62.0
2595,34.0
2596,25.0
2597,23.0
2598,15.0
2599,7.0
2600,8.0
2601,14.0
2602,33.0
2603,58.0
2604,76.0
2605,130.0
2606,130.0
2607,189.0
2608,193.0
2609,286.0
2610,351.0
2611,353.0
2612,327.0
2613,266.0
2614,221.0
2615,157.0
2616,154.0
2617,122.0
2618,88.0
2619,67.0
2620,52.0
2621,41.0
2622,28.0
2623,10.0
2624,15.0
2625,19.0
2626,51.0
2627,102.0
2628,145.0
2629,232.0
2630,339.0
2631,364.0
2632,374.0
2633,381.0
2634,395.0
2635,385.0
2636,362.0
2637,323.0
2638,219.0
2639,175.0
2640,88.0
2641,57.0
2642,57.0
2643,26.0
2644,12.0
2645,11.0
2646,5.0
2647,7.0
2648,18.0
2649,75.0
2650,176.0
2651,342.0
2652,181.0
2653,117.0
2654,129.0
2655,157.0
2656,162.0
2657,156.0
2658,152.0
2659,231.0
2660,434.0
2661,388.0
2662,323.0
2663,212.0
2664,172.0
2665,114.0
2666,71.0
2667,29.0
2668,11.0
2669,8.0
2670,4.0
2671,5.0
2672,16.0
2673,86.0
2674,230.0
2675,360.0
2676,177.0
2677,114.0
2678,131.0
2679,160.0
2680,157.0
2681,158.0
2682,155.0
2683,235.0
2684,434.0
2685,401.0
2686,295.0
2687,212.0
2688,185.0
2689,131.0
2690,68.0
2691,31.0
2692,12.0
2693,8.0
2694,4.0
2695,5.0
2696,17.0
2697,80.0
2698,208.0
2699,338.0
2700,164.0
2701,106.0
2702,106.0
2703,143.0
2704,143.0
2705,160.0
2706,160.0
2707,243.0
2708,321.0
2709,309.0
2710,304.0
2711,206.0
2712,158.0
2713,113.0
2714,73.0
2715,36.0
2716,14.0
2717,8.0
2718,5.0
2719,6.0
2720,19.0
2721,86.0
2722,226.0
2723,359.0
2724,167.0
2725,114.0
2726,114.0
2727,139.0
2728,134.0
2729,149.0
2730,172.0
2731,226.0
2732,413.0
2733,364.0
2734,316.0
2735,209.0
2736,173.0
2737,122.0
2738,86.0
2739,50.0
2740,22.0
2741,16.0
2742,7.0
2743,6.0
2744,19.0
2745,77.0
2746,206.0
2747,349.0
2748,181.0
2749,141.0
2750,172.0
2751,205.0
2752,201.0
2753,205.0
2754,183.0
2755,212.0
2756,331.0
2757,330.0
2758,223.0
2759,171.0
2760,133.0
2761,107.0
2762,67.0
2763,40.0
2764,33.0
2765,29.0
2766,23.0
2767,9.0
2768,10.0
2769,24.0
2770,53.0
2771,88.0
2772,179.0
2773,213.0
2774,254.0
2775,277.0
2776,294.0
2777,290.0
2778,312.0
2779,318.0
2780,305.0
2781,280.0
2782,228.0
2783,139.0
2784,106.0
2785,86.0
2786,71.0
3243,45.0
3244,21.0
3245,13.0
3246,6.0
3247,5.0
3248,26.0
3249,100.0
3250,281.0
3251,436.0
3252,205.0
3253,164.0
3254,175.0
3255,238.0
3256,238.0
3257,232.0
3258,263.0
3259,339.0
3260,440.0
3261,499.0
3262,363.0
3263,247.0
3264,215.0
3265,147.0
3266,118.0
3267,91.0
3268,73.0
3269,56.0
3270,24.0
3271,6.0
3272,10.0
3273,17.0
3274,63.0
3275,141.0
3276,212.0
3277,280.0
3278,363.0
3279,378.0
3280,399.0
3281,404.0
3282,413.0
3283,403.0
3284,367.0
3285,336.0
3286,324.0
3287,253.0
3288,207.0
3289,162.0
3290,141.0
3291,94.0
3292,66.0
3293,52.0
3294,31.0
3295,12.0
3296,16.0
3297,16.0
3298,49.0
3299,103.0
3300,178.0
3301,266.0
3302,366.0
3303,376.0
3304,374.0
3305,341.0
3306,373.0
3307,390.0
3308,377.0
3309,346.0
3310,329.0
3311,260.0
3312,179.0
3313,127.0
3314,85.0
3315,29.0
3316,17.0
3317,10.0
3318,4.0
3319,6.0
3320,20.0
3321,94.0
3322,235.0
3323,393.0
3324,204.0
3325,125.0
3326,150.0
3327,186.0
3328,172.0
3329,158.0
3330,160.0
3331,276.0
3332,435.0
3333,492.0
3334,361.0
3335,226.0
3336,169.0
3337,130.0
3338,74.0
3339,21.0
3340,12.0
3341,7.0
3342,3.0
3343,6.0
3344,20.0
3345,108.0
3346,163.0
3347,282.0
3348,202.0
3349,121.0
3350,137.0
3351,173.0
3352,187.0
3353,162.0
3354,181.0
3355,291.0
3356,502.0
3357,507.0
3358,351.0
3359,278.0
3360,216.0
3361,106.0
3362,78.0
3363,24.0
3364,11.0
3365,8.0
3366,4.0
3367,5.0
3368,22.0
3369,104.0
3370,319.0
3371,442.0
3372,202.0
3373,131.0
3374,145.0
3375,200.0
3376,184.0
3377,165.0
3378,171.0
3379,282.0
3380,471.0
3381,477.0
3382,387.0
3383,303.0
3384,216.0
3385,153.0
3386,99.0
3387,44.0
3388,18.0
3389,10.0
3390,4.0
3391,6.0
3392,23.0
3393,99.0
3394,226.0
3395,424.0
3396,204.0
3397,127.0
3398,156.0
3399,187.0
3400,170.0
3401,164.0
3402,178.0
3403,276.0
3404,483.0
3405,476.0
3406,362.0
3407,291.0
3408,206.0
3409,152.0
3410,114.0
3411,66.0
3412,24.0
3413,14.0
3414,6.0
3415,6.0
3416,26.0
3417,104.0
3418,280.0
3419,466.0
3420,218.0
3421,155.0
3422,163.0
3423,217.0
3424,214.0
3425,214.0
3426,227.0
3427,318.0
3428,521.0
3429,417.0
3430,301.0
3431,217.0
3432,179.0
3433,158.0
3434,147.0
3435,96.0
3436,85.0
3437,55.0
3438,24.0
3439,6.0
3440,13.0
3441,23.0
3442,61.0
3443,134.0
3444,212.0
3445,271.0
3446,367.0
3447,375.0
3448,393.0
3449,385.0
3450,420.0
3451,407.0
3452,409.0
3453,338.0
3454,268.0
3455,271.0
3456,217.0
3457,186.0
3458,149.0
3459,106.0
3460,85.0
3461,60.0
3462,31.0
3463,12.0
3464,17.0
3465,16.0
3466,41.0
3467,84.0
3468,117.0
3469,227.0
3470,286.0
3471,320.0
3472,405.0
3473,391.0
3474,389.0
3475,380.0
3476,357.0
3477,265.0
3478,260.0
3479,226.0
3480,164.0
3481,131.0
3482,106.0
3483,105.0
3484,91.0
3485,55.0
3486,21.0
3487,12.0
3488,10.0
3489,25.0
3490,91.0
3491,126.0
3492,209.0
3493,277.0
3494,337.0
3495,382.0
3496,376.0
3497,381.0
3498,378.0
3499,409.0
3500,410.0
3501,390.0
3502,243.0
3503,338.0
3504,362.0
3505,266.0
3506,116.0
3507,27.0
3508,17.0
3509,8.0
3510,4.0
3511,6.0
3512,22.0
3513,112.0
3514,303.0
3515,440.0
3516,189.0
3517,111.0
3518,133.0
3519,157.0
3520,153.0
3521,143.0
3522,149.0
3523,243.0
3524,503.0
3525,504.0
3526,373.0
3527,281.0
3528,210.0
3529,144.0
3530,81.0
3987,31.0
3988,15.0
3989,8.0
3990,4.0
3991,5.0
3992,21.0
3993,106.0
3994,136.0
3995,283.0
3996,203.0
3997,120.0
3998,132.0
3999,184.0
4000,189.0
4001,176.0
4002,164.0
4003,290.0
4004,552.0
4005,532.0
4006,385.0
4007,295.0
4008,199.0
4009,134.0
4010,90.0
4011,28.0
4012,13.0
4013,6.0
4014,4.0
4015,5.0
4016,19.0
4017,115.0
4018,265.0
4019,389.0
4020,190.0
4021,127.0
4022,141.0
4023,174.0
4024,177.0
4025,163.0
4026,170.0
4027,277.0
4028,549.0
4029,460.0
4030,348.0
4031,173.0
4032,228.0
4033,155.0
4034,78.0
4035,33.0
4036,18.0
4037,6.0
4038,6.0
4039,6.0
4040,25.0
4041,110.0
4042,307.0
4043,438.0
4044,201.0
4045,129.0
4046,150.0
4047,167.0
4048,156.0
4049,149.0
4050,161.0
4051,271.0
4052,472.0
4053,437.0
4054,370.0
4055,293.0
4056,235.0
4057,163.0
4058,88.0
4059,43.0
4060,21.0
4061,7.0
4062,5.0
4063,7.0
4064,28.0
4065,119.0
4066,315.0
4067,434.0
4068,204.0
4069,133.0
4070,142.0
4071,186.0
4072,175.0
4073,163.0
4074,171.0
4075,287.0
4076,435.0
4077,508.0
4078,369.0
4079,310.0
4080,223.0
4081,154.0
4082,125.0
4083,56.0
4084,22.0
4085,16.0
4086,6.0
4087,6.0
4088,25.0
4089,104.0
4090,286.0
4091,463.0
4092,228.0
4093,141.0
4094,185.0
4095,221.0
4096,222.0
4097,225.0
4098,244.0
4099,335.0
4100,572.0
4101,480.0
4102,382.0
4103,285.0
4104,230.0
4105,205.0
4106,145.0
4107,118.0
4108,79.0
4109,47.0
4110,29.0
4111,10.0
4112,11.0
4113,37.0
4114,63.0
4115,166.0
4116,221.0
4117,313.0
4118,382.0
4119,436.0
4120,444.0
4121,432.0
4122,422.0
4123,426.0
4124,438.0
4125,400.0
4126,362.0
4127,287.0
4128,233.0
4129,203.0
4130,147.0
4131,106.0
4132,101.0
4133,75.0
4134,38.0
4135,12.0
4136,18.0
4137,23.0
4138,55.0
4139,110.0
4140,191.0
4141,301.0
4142,383.0
4143,412.0
4144,401.0
4145,402.0
4146,400.0
4147,393.0
4148,364.0
4149,351.0
4150,340.0
4151,244.0
4152,187.0
4153,167.0
4154,86.0
4155,37.0
4156,13.0
4157,10.0
4158,4.0
4159,6.0
4160,20.0
4161,119.0
4162,308.0
4163,378.0
4164,200.0
4165,122.0
4166,150.0
4167,182.0
4168,167.0
4169,159.0
4170,172.0
4171,280.0
4172,563.0
4173,542.0
4174,399.0
4175,315.0
4176,199.0
4177,137.0
4178,73.0
4179,34.0
4180,19.0
4181,10.0
4182,7.0
4183,6.0
4184,23.0
4185,113.0
4186,302.0
4187,428.0
4188,200.0
4189,122.0
4190,145.0
4191,167.0
4192,176.0
4193,152.0
4194,156.0
4195,242.0
4196,436.0
4197,329.0
4198,340.0
4199,296.0
4200,211.0
4201,152.0
4202,84.0
4203,35.0
4204,18.0
4205,6.0
4206,5.0
4207,6.0
4208,29.0
4209,115.0
4210,307.0
4211,464.0
4212,206.0
4213,122.0
4214,157.0
4215,202.0
4216,187.0
4217,166.0
4218,175.0
4219,286.0
4220,559.0
4221,550.0
4222,370.0
4223,292.0
4224,226.0
4225,172.0
4226,96.0
4227,46.0
4228,22.0
4229,8.0
4230,7.0
4231,7.0
4232,28.0
4233,125.0
4234,328.0
4235,460.0
4236,215.0
4237,130.0
4238,159.0
4239,218.0
4240,193.0
4241,168.0
4242,181.0
4243,289.0
4244,574.0
4245,553.0
4246,378.0
4247,299.0
4248,224.0
4249,173.0
4250,125.0
4707,30.0
4708,15.0
4709,6.0
4710,6.0
4711,6.0
4712,34.0
4713,127.0
4714,296.0
4715,425.0
4716,198.0
4717,123.0
4718,142.0
4719,164.0
4720,156.0
4721,151.0
4722,158.0
4723,256.0
4724,512.0
4725,515.0
4726,382.0
4727,303.0
4728,225.0
4729,172.0
4730,114.0
4731,44.0
4732,19.0
4733,8.0
4734,6.0
4735,6.0
4736,22.0
4737,122.0
4738,303.0
4739,428.0
4740,200.0
4741,130.0
4742,140.0
4743,149.0
4744,147.0
4745,134.0
4746,143.0
4747,243.0
4748,471.0
4749,497.0
4750,375.0
4751,292.0
4752,233.0
4753,181.0
4754,128.0
4755,50.0
4756,32.0
4757,23.0
4758,8.0
4759,11.0
4760,27.0
4761,113.0
4762,302.0
4763,415.0
4764,204.0
4765,132.0
4766,160.0
4767,187.0
4768,184.0
4769,184.0
4770,173.0
4771,284.0
4772,481.0
4773,455.0
4774,368.0
4775,286.0
4776,236.0
4777,179.0
4778,143.0
4779,109.0
4780,81.0
4781,66.0
4782,31.0
4783,14.0
4784,19.0
4785,50.0
4786,79.0
4787,168.0
4788,216.0
4789,284.0
4790,316.0
4791,377.0
4792,366.0
4793,369.0
4794,373.0
4795,391.0
4796,381.0
4797,376.0
4798,314.0
4799,314.0
4800,247.0
4801,213.0
4802,148.0
4803,135.0
4804,110.0
4805,82.0
4806,34.0
4807,11.0
4808,18.0
4809,38.0
4810,74.0
4811,118.0
4812,186.0
4813,287.0
4814,308.0
4815,375.0
4816,371.0
4817,360.0
4818,352.0
4819,378.0
4820,372.0
4821,366.0
4822,318.0
4823,267.0
4824,215.0
4825,156.0
4826,108.0
4827,48.0
4828,15.0
4829,10.0
4830,5.0
4831,6.0
4832,23.0
4833,127.0
4834,309.0
4835,401.0
4836,188.0
4837,117.0
4838,132.0
4839,161.0
4840,156.0
4841,149.0
4842,178.0
4843,251.0
4844,499.0
4845,488.0
4846,394.0
4847,288.0
4848,183.0
4849,133.0
4850,66.0
4851,24.0
4852,15.0
4853,9.0
4854,6.0
4855,6.0
4856,26.0
4857,117.0
4858,311.0
4859,427.0
4860,201.0
4861,136.0
4862,152.0
4863,191.0
4864,188.0
4865,171.0
4866,167.0
4867,256.0
4868,554.0
4869,539.0
4870,357.0
4871,304.0
4872,237.0
4873,165.0
4874,79.0
4875,45.0
4876,15.0
4877,9.0
4878,4.0
4879,6.0
4880,28.0
4881,118.0
4882,311.0
4883,440.0
4884,201.0
4885,122.0
4886,155.0
4887,211.0
4888,190.0
4889,178.0
4890,186.0
4891,273.0
4892,566.0
4893,555.0
4894,388.0
4895,303.0
4896,226.0
4897,159.0
4898,91.0
4899,47.0
4900,23.0
4901,10.0
4902,7.0
4903,6.0
4904,29.0
4905,113.0
4906,307.0
4907,443.0
4908,191.0
4909,115.0
4910,134.0
4911,156.0
4912,145.0
4913,166.0
4914,156.0
4915,248.0
4916,521.0
4917,520.0
4918,370.0
4919,290.0
4920,220.0
4921,172.0
4922,127.0
4923,48.0
4924,29.0
4925,19.0
4926,6.0
4927,9.0
4928,24.0
4929,120.0
4930,308.0
4931,422.0
4932,205.0
4933,136.0
4934,162.0
4935,195.0
4936,194.0
4937,187.0
4938,193.0
4939,282.0
4940,481.0
4941,455.0
4942,359.0
4943,285.0
4944,243.0
4945,203.0
4946,139.0
4947,125.0
4948,80.0
4949,65.0
4950,32.0
4951,11.0
4952,15.0
4953,42.0
4954,72.0
4955,159.0
4956,232.0
4957,285.0
4958,328.0
4959,375.0
4960,385.0
4961,373.0
4962,361.0
4963,394.0
4964,373.0
4965,373.0
4966,370.0
4967,293.0
4968,247.0
4969,208.0
4970,149.0
4971,132.0
4972,111.0
4973,86.0
4974,32.0
4975,9.0
4976,17.0
4977,34.0
4978,68.0
4979,118.0
4980,188.0
4981,274.0
4982,324.0
4983,375.0
4984,370.0
4985,355.0
4986,350.0
4987,371.0
4988,363.0
4989,365.0
4990,314.0
4991,267.0
4992,228.0
4993,138.0
4994,81.0
5451,111.0
5452,75.0
5453,59.0
5454,29.0
5455,10.0
5456,14.0
5457,26.0
5458,53.0
5459,116.0
5460,203.0
5461,284.0
5462,372.0
5463,378.0
5464,374.0
5465,384.0
5466,375.0
5467,384.0
5468,397.0
5469,370.0
5470,335.0
5471,276.0
5472,214.0
5473,145.0
5474,131.0
5475,129.0
5476,82.0
5477,70.0
5478,37.0
5479,6.0
5480,8.0
5481,10.0
5482,41.0
5483,92.0
5484,188.0
5485,263.0
5486,320.0
5487,381.0
5488,398.0
5489,302.0
5490,300.0
5491,290.0
5492,254.0
5493,228.0
5494,306.0
5495,215.0
5496,185.0
5497,147.0
5498,86.0
5499,31.0
5500,13.0
5501,11.0
5502,4.0
5503,6.0
5504,29.0
5505,103.0
5506,288.0
5507,369.0
5508,199.0
5509,127.0
5510,153.0
5511,175.0
5512,179.0
5513,179.0
5514,179.0
5515,288.0
5516,554.0
5517,556.0
5518,409.0
5519,303.0
5520,212.0
5521,120.0
5522,88.0
5523,33.0
5524,14.0
5525,9.0
5526,4.0
5527,5.0
5528,27.0
5529,116.0
5530,327.0
5531,428.0
5532,209.0
5533,126.0
5534,151.0
5535,198.0
5536,196.0
5537,180.0
5538,179.0
5539,300.0
5540,583.0
5541,568.0
5542,376.0
5543,291.0
5544,216.0
5545,159.0
5546,82.0
5547,34.0
5548,15.0
5549,10.0
5550,7.0
5551,8.0
5552,26.0
5553,113.0
5554,323.0
5555,448.0
5556,208.0
5557,124.0
5558,157.0
5559,197.0
5560,186.0
5561,177.0
5562,178.0
5563,276.0
5564,576.0
5565,555.0
5566,367.0
5567,282.0
5568,204.0
5569,162.0
5570,103.0
5571,49.0
5572,23.0
5573,7.0
5574,6.0
5575,8.0
5576,29.0
5577,108.0
5578,276.0
5579,417.0
5580,215.0
5581,128.0
5582,104.0
5583,138.0
5584,151.0
5585,150.0
5586,164.0
5587,253.0
5588,440.0
5589,383.0
5590,265.0
5591,219.0
5592,214.0
5593,146.0
5594,117.0
5595,49.0
5596,22.0
5597,14.0
5598,7.0
5599,7.0
5600,20.0
5601,90.0
5602,259.0
5603,420.0
5604,215.0
5605,156.0
5606,159.0
5607,220.0
5608,231.0
5609,202.0
5610,213.0
5611,311.0
5612,513.0
5613,395.0
5614,359.0
5615,273.0
5616,216.0
5617,178.0
5618,137.0
5619,108.0
5620,69.0
5621,61.0
5622,40.0
5623,9.0
5624,10.0
5625,32.0
5626,55.0
5627,148.0
5628,194.0
5629,226.0
5630,227.0
5631,268.0
5632,270.0
5633,247.0
5634,254.0
5635,225.0
5636,193.0
5637,48.0
5638,99.0
5639,188.0
5640,294.0
5641,358.0
5642,396.0
5643,402.0
5644,371.0
5645,365.0
5646,350.0
5647,396.0
5648,392.0
5649,350.0
5650,256.0
5651,184.0
5652,133.0
5653,83.0
5654,33.0
5655,15.0
5656,8.0
5657,6.0
5658,6.0
5659,24.0
5660,107.0
5661,295.0
5662,386.0
5663,206.0
5664,130.0
5665,160.0
5666,196.0
5667,207.0
5668,190.0
5669,187.0
5670,297.0
5671,511.0
5672,534.0
5673,395.0
5674,293.0
5675,207.0
5676,141.0
5677,72.0
5678,31.0
5679,13.0
5680,8.0
5681,6.0
5682,7.0
5683,24.0
5684,115.0
5685,336.0
5686,447.0
5687,202.0
5688,129.0
5689,148.0
5690,194.0
5691,195.0
5692,182.0
5693,179.0
5694,299.0
5695,581.0
5696,553.0
5697,372.0
5698,297.0
5699,205.0
5700,156.0
5701,81.0
5702,31.0
5703,14.0
5704,7.0
5705,6.0
5706,7.0
5707,27.0
5708,112.0
5709,330.0
5710,440.0
5711,211.0
5712,129.0
5713,148.0
5714,200.0
5715,194.0
5716,180.0
5717,176.0
5718,295.0
5719,582.0
5720,551.0
5721,370.0
5722,291.0
5723,217.0
5724,155.0
5725,94.0
6179,30.0
6180,11.0
6181,5.0
6182,5.0
6183,6.0
6184,21.0
6185,89.0
6186,298.0
6187,285.0
6188,137.0
6189,76.0
6190,68.0
6191,106.0
6192,115.0
6193,138.0
6194,171.0
6195,224.0
6196,408.0
6197,385.0
6198,270.0
6199,184.0
6200,150.0
6201,132.0
6202,79.0
6203,27.0
6204,11.0
6205,6.0
6206,5.0
6207,5.0
6208,17.0
6209,82.0
6210,249.0
6211,338.0
6212,112.0
6213,96.0
6214,117.0
6215,158.0
6216,166.0
6217,159.0
6218,165.0
6219,271.0
6220,370.0
6221,285.0
6222,122.0
6223,106.0
6224,102.0
6225,117.0
6226,83.0
6227,30.0
6228,11.0
6229,8.0
6230,5.0
6231,4.0
6232,16.0
6233,82.0
6234,264.0
6235,307.0
6236,128.0
6237,114.0
6238,122.0
6239,142.0
6240,144.0
6241,143.0
6242,149.0
6243,278.0
6244,359.0
6245,310.0
6246,216.0
6247,92.0
6248,108.0
6249,115.0
6250,84.0
6251,30.0
6252,13.0
6253,9.0
6254,6.0
6255,4.0
6256,16.0
6257,82.0
6258,172.0
6259,236.0
6260,116.0
6261,81.0
6262,87.0
6263,106.0
6264,101.0
6265,105.0
6266,120.0
6267,171.0
6268,228.0
6269,279.0
6270,240.0
6271,186.0
6272,145.0
6273,136.0
6274,92.0
6275,106.0
6276,71.0
6277,55.0
6278,35.0
6279,8.0
6280,13.0
6281,16.0
6282,64.0
6283,131.0
6284,174.0
6285,261.0
6286,306.0
6287,344.0
6288,366.0
6289,347.0
6290,348.0
6291,326.0
6292,335.0
6293,280.0
6294,243.0
6295,201.0
6296,152.0
6297,133.0
6298,116.0
6299,87.0
6300,76.0
6301,58.0
6302,35.0
6303,6.0
6304,28.0
6305,16.0
6306,47.0
6307,89.0
6308,183.0
6309,269.0
6310,303.0
6311,335.0
6312,345.0
6313,329.0
6314,323.0
6315,382.0
6316,322.0
6317,284.0
6318,243.0
6319,200.0
6320,144.0
6321,127.0
6322,91.0
6323,25.0
6324,11.0
6325,6.0
6326,4.0
6327,6.0
6328,19.0
6329,96.0
6330,279.0
6331,341.0
6332,192.0
6333,116.0
6334,145.0
6335,165.0
6336,168.0
6337,178.0
6338,190.0
6339,296.0
6340,552.0
6341,368.0
6342,253.0
6343,201.0
6344,154.0
6345,130.0
6346,79.0
6347,27.0
6348,11.0
6349,6.0
6350,5.0
6351,5.0
6352,19.0
6353,99.0
6354,289.0
6355,356.0
6356,181.0
6357,103.0
6358,121.0
6359,139.0
6360,170.0
6361,154.0
6362,165.0
6363,224.0
6364,295.0
6365,323.0
6366,236.0
6367,221.0
6368,157.0
6369,133.0
6370,78.0
6371,31.0
6372,11.0
6373,6.0
6374,5.0
6375,7.0
6376,18.0
6377,61.0
6378,107.0
6379,259.0
6380,159.0
6381,80.0
6382,120.0
6383,155.0
6384,170.0
6385,171.0
6386,180.0
6387,294.0
6388,555.0
6389,300.0
6390,237.0
6391,128.0
6392,110.0
6393,132.0
6394,85.0
6395,29.0
6396,12.0
6397,6.0
6398,5.0
6399,6.0
6400,20.0
6401,115.0
6402,314.0
6403,431.0
6404,212.0
6405,140.0
6406,168.0
6407,205.0
6408,201.0
6409,184.0
6410,185.0
6411,291.0
6412,583.0
6413,541.0
6414,340.0
6415,255.0
6416,193.0
6417,149.0
6418,99.0
6419,51.0
6420,24.0
6421,12.0
6422,7.0
6423,6.0
6424,27.0
6425,96.0
6426,278.0
6427,437.0
6428,217.0
6429,158.0
6430,198.0
6431,243.0
6432,239.0
6433,236.0
6434,233.0
6435,346.0
6436,556.0
6437,460.0
6438,290.0
6439,208.0
6440,175.0
6441,136.0
6442,119.0
6898,29.0
6899,16.0
6900,12.0
6901,6.0
6902,6.0
6903,30.0
6904,113.0
6905,299.0
6906,426.0
6907,213.0
6908,137.0
6909,144.0
6910,182.0
6911,173.0
6912,158.0
6913,174.0
6914,264.0
6915,416.0
6916,380.0
6917,253.0
6918,214.0
6919,148.0
6920,124.0
6921,92.0
6922,46.0
6923,26.0
6924,12.0
6925,7.0
6926,6.0
6927,28.0
6928,97.0
6929,259.0
6930,407.0
6931,217.0
6932,159.0
6933,184.0
6934,202.0
6935,194.0
6936,194.0
6937,210.0
6938,300.0
6939,421.0
6940,371.0
6941,252.0
6942,209.0
6943,151.0
6944,127.0
6945,96.0
6946,80.0
6947,66.0
6948,57.0
6949,23.0
6950,7.0
6951,9.0
6952,21.0
6953,48.0
6954,88.0
6955,164.0
6956,236.0
6957,271.0
6958,331.0
6959,357.0
6960,299.0
6961,327.0
6962,332.0
6963,277.0
6964,237.0
6965,208.0
6966,156.0
6967,127.0
6968,108.0
6969,94.0
6970,80.0
6971,83.0
6972,45.0
6973,24.0
6974,10.0
6975,9.0
6976,18.0
6977,38.0
6978,84.0
6979,143.0
6980,253.0
6981,280.0
6982,337.0
6983,344.0
6984,342.0
6985,332.0
6986,334.0
6987,283.0
6988,255.0
6989,200.0
6990,146.0
6991,121.0
6992,86.0
6993,70.0
6994,36.0
6995,12.0
6996,5.0
6997,6.0
6998,7.0
6999,26.0
7000,104.0
7001,273.0
7002,385.0
7003,191.0
7004,124.0
7005,137.0
7006,178.0
7007,166.0
7008,162.0
7009,207.0
7010,292.0
7011,535.0
7012,515.0
7013,213.0
7014,225.0
7015,184.0
7016,113.0
7017,69.0
7018,48.0
7019,16.0
7020,5.0
7021,6.0
7022,6.0
7023,26.0
7024,105.0
7025,287.0
7026,426.0
7027,203.0
7028,135.0
7029,141.0
7030,192.0
7031,187.0
7032,171.0
7033,190.0
7034,299.0
7035,554.0
7036,477.0
7037,302.0
7038,233.0
7039,165.0
7040,126.0
7041,72.0
7042,44.0
7043,15.0
7044,7.0
7045,6.0
7046,6.0
7047,28.0
7048,114.0
7049,298.0
7050,410.0
7051,209.0
7052,131.0
7053,144.0
7054,167.0
7055,156.0
7056,152.0
7057,170.0
7058,237.0
7059,432.0
7060,469.0
7061,281.0
7062,222.0
7063,172.0
7064,131.0
7065,70.0
7066,34.0
7067,14.0
7068,6.0
7069,4.0
7070,6.0
7071,18.0
7072,66.0
7073,276.0
7074,217.0
7075,207.0
7076,96.0
7077,91.0
7078,84.0
7079,137.0
7080,141.0
7081,164.0
7082,267.0
7083,401.0
7084,369.0
7085,248.0
7086,207.0
7087,143.0
7088,93.0
7089,77.0
7090,40.0
7091,16.0
7092,11.0
7093,4.0
7094,5.0
7095,24.0
7096,92.0
7097,246.0
7098,395.0
7099,204.0
7100,132.0
7101,166.0
7102,174.0
7103,169.0
7104,156.0
7105,160.0
7106,241.0
7107,379.0
7108,323.0
7109,226.0
7110,153.0
7111,103.0
7112,73.0
7113,70.0
7114,49.0
7115,32.0
7116,31.0
7117,12.0
7118,6.0
7119,8.0
7120,21.0
7121,43.0
7122,95.0
7123,122.0
7124,117.0
7125,122.0
7126,132.0
7127,131.0
7128,134.0
7129,126.0
7130,126.0
7131,121.0
7132,108.0
7133,123.0
7134,103.0
7135,86.0
7136,76.0
7137,67.0
7138,62.0
7139,49.0
7140,37.0
7141,15.0
7142,5.0
7143,5.0
7144,13.0
7145,31.0
7146,89.0
7147,134.0
7148,222.0
7149,262.0
7150,307.0
7151,309.0
7152,320.0
7153,315.0
7154,309.0
7155,257.0
7156,212.0
7157,271.0
7158,131.0
7159,96.0
7160,60.0
7161,46.0
7162,18.0
7163,8.0
7164,4.0
7165,5.0
7166,6.0
7167,22.0
7168,96.0
7169,268.0
7170,405.0
7171,182.0
7172,122.0
7173,150.0
7174,185.0
7175,172.0
7176,166.0
7177,208.0
7178,287.0
7179,488.0
7180,397.0
7181,300.0
7182,207.0
7183,142.0
7184,103.0
7185,59.0
7642,80.0
7643,66.0
7644,59.0
7645,29.0
7646,9.0
7647,7.0
7648,20.0
7649,55.0
7650,94.0
7651,159.0
7652,247.0
7653,320.0
7654,329.0
7655,343.0
7656,336.0
7657,328.0
7658,329.0
7659,284.0
7660,296.0
7661,223.0
7662,182.0
7663,137.0
7664,70.0
7665,60.0
7666,31.0
7667,8.0
7668,9.0
7669,3.0
7670,4.0
7671,21.0
7672,95.0
7673,272.0
7674,415.0
7675,198.0
7676,121.0
7677,129.0
7678,170.0
7679,167.0
7680,141.0
7681,70.0
7682,89.0
7683,120.0
7684,144.0
7685,129.0
7686,135.0
7687,102.0
7688,69.0
7689,52.0
7690,21.0
7691,8.0
7692,5.0
7693,4.0
7694,5.0
7695,18.0
7696,88.0
7697,104.0
7698,213.0
7699,87.0
7700,58.0
7701,66.0
7702,66.0
7703,59.0
7704,60.0
7705,60.0
7706,80.0
7707,122.0
7708,125.0
7709,152.0
7710,190.0
7711,137.0
7712,125.0
7713,76.0
7714,26.0
7715,13.0
7716,6.0
7717,3.0
7718,6.0
7719,21.0
7720,81.0
7721,264.0
7722,397.0
7723,193.0
7724,114.0
7725,132.0
7726,182.0
7727,163.0
7728,186.0
7729,174.0
7730,234.0
7731,194.0
7732,352.0
7733,250.0
7734,169.0
7735,129.0
7736,100.0
7737,56.0
7738,62.0
7739,21.0
7740,12.0
7741,8.0
7742,8.0
7743,14.0
7744,48.0
7745,100.0
7746,207.0
7747,190.0
7748,241.0
7749,272.0
7750,292.0
7751,290.0
7752,323.0
7753,302.0
7754,307.0
7755,284.0
7756,213.0
7757,194.0
7758,129.0
7759,101.0
7760,86.0
7761,74.0
7762,38.0
7763,19.0
7764,10.0
7765,4.0
7766,5.0
7767,25.0
7768,84.0
7769,247.0
7770,391.0
7771,235.0
7772,144.0
7773,163.0
7774,199.0
7775,197.0
7776,194.0
7777,205.0
7778,299.0
7779,487.0
7780,417.0
7781,251.0
7782,193.0
7783,142.0
7784,109.0
7785,86.0
7786,72.0
7787,71.0
7788,38.0
7789,21.0
7790,9.0
7791,7.0
7792,23.0
7793,31.0
7794,95.0
7795,157.0
7796,235.0
7797,305.0
7798,359.0
7799,352.0
7800,314.0
7801,338.0
7802,296.0
7803,266.0
7804,204.0
7805,179.0
7806,158.0
7807,108.0
7808,101.0
7809,86.0
7810,84.0
7811,92.0
7812,46.0
7813,26.0
7814,9.0
7815,8.0
7816,19.0
7817,51.0
7818,90.0
7819,156.0
7820,252.0
7821,313.0
7822,363.0
7823,357.0
7824,439.0
7825,426.0
7826,367.0
7827,307.0
7828,234.0
7829,190.0
7830,159.0
7831,116.0
7832,103.0
7833,89.0
7834,42.0
7835,15.0
7836,6.0
7837,7.0
7838,27.0
7839,101.0
7840,295.0
7841,414.0
7842,194.0
7843,123.0
7844,136.0
7845,197.0
7846,181.0
7847,184.0
7848,191.0
7849,288.0
7850,542.0
7851,505.0
7852,323.0
7853,230.0
7854,187.0
7855,132.0
7856,69.0
7857,29.0
7858,11.0
7859,5.0
7860,4.0
7861,6.0
7862,29.0
7863,113.0
7864,318.0
7865,438.0
7866,189.0
7867,115.0
7868,87.0
7869,101.0
7870,105.0
7871,66.0
7872,87.0
7873,94.0
7874,300.0
7875,322.0
7876,250.0
7877,173.0
7878,139.0
7879,107.0
7880,49.0
7881,28.0
7882,13.0
7883,5.0
7884,4.0
7885,6.0
7886,23.0
7887,91.0
7888,247.0
7889,411.0
7890,209.0
7891,120.0
7892,142.0
7893,141.0
7894,150.0
7895,149.0
7896,159.0
7897,215.0
7898,331.0
7899,316.0
7900,227.0
7901,162.0
7902,126.0
7903,99.0
7904,54.0
8361,27.0
8362,12.0
8363,7.0
8364,6.0
8365,9.0
8366,25.0
8367,93.0
8368,256.0
8369,412.0
8370,226.0
8371,129.0
8372,136.0
8373,163.0
8374,162.0
8375,152.0
8376,167.0
8377,279.0
8378,391.0
8379,367.0
8380,271.0
8381,190.0
8382,145.0
8383,105.0
8384,68.0
8385,22.0
8386,13.0
8387,8.0
8388,5.0
8389,5.0
8390,17.0
8391,66.0
8392,193.0
8393,134.0
8394,170.0
8395,123.0
8396,125.0
8397,87.0
8398,51.0
8399,137.0
8400,149.0
8401,73.0
8402,104.0
8403,214.0
8404,193.0
8405,155.0
8406,147.0
8407,123.0
8408,84.0
8409,33.0
8410,14.0
8411,14.0
8412,6.0
8413,5.0
8414,20.0
8415,75.0
8416,193.0
8417,329.0
8418,179.0
8419,103.0
8420,122.0
8421,165.0
8422,169.0
8423,168.0
8424,178.0
8425,230.0
8426,287.0
8427,286.0
8428,229.0
8429,123.0
8430,96.0
8431,56.0
8432,56.0
8433,29.0
8434,15.0
8435,10.0
8436,5.0
8437,5.0
8438,20.0
8439,69.0
8440,195.0
8441,336.0
8442,205.0
8443,127.0
8444,140.0
8445,154.0
8446,155.0
8447,154.0
8448,149.0
8449,179.0
8450,294.0
8451,265.0
8452,195.0
8453,119.0
8454,100.0
8455,79.0
8456,65.0
8457,57.0
8458,55.0
8459,43.0
8460,19.0
8461,6.0
8462,7.0
8463,12.0
8464,32.0
8465,69.0
8466,127.0
8467,151.0
8468,169.0
8469,208.0
8470,203.0
8471,204.0
8472,196.0
8473,187.0
8474,150.0
8475,156.0
8476,135.0
8477,90.0
8478,77.0
8479,70.0
8480,56.0
8481,58.0
8482,44.0
8483,40.0
8484,19.0
8485,4.0
8486,6.0
8487,20.0
8488,49.0
8489,76.0
8490,114.0
8491,151.0
8492,157.0
8493,173.0
8494,186.0
8495,194.0
8496,209.0
8497,181.0
8498,147.0
8499,138.0
8500,107.0
8501,74.0
8502,56.0
8503,41.0
8504,54.0
8505,38.0
8506,26.0
8507,12.0
8508,17.0
8509,36.0
8510,82.0
8511,136.0
8512,126.0
8513,155.0
8514,155.0
8515,196.0
8516,202.0
8517,202.0
8518,212.0
8519,195.0
8520,192.0
8521,161.0
8522,128.0
8523,98.0
8524,74.0
8525,61.0
8526,42.0
8527,17.0
8528,9.0
8529,3.0
8530,4.0
8531,4.0
8532,15.0
8533,64.0
8534,171.0
8535,307.0
8536,103.0
8537,99.0
8538,74.0
8539,77.0
8540,70.0
8541,81.0
8542,85.0
8543,101.0
8544,128.0
8545,253.0
8546,187.0
8547,116.0
8548,100.0
8549,74.0
8550,44.0
8551,18.0
8552,11.0
8553,6.0
8554,4.0
8555,17.0
8556,67.0
8557,179.0
8558,329.0
8559,175.0
8560,99.0
8561,106.0
8562,120.0
8563,116.0
8564,115.0
8565,120.0
8566,151.0
8567,253.0
8568,219.0
8569,158.0
8570,114.0
8571,87.0
8572,66.0
8573,40.0
8574,19.0
8575,8.0
8576,5.0
8577,4.0
8578,3.0
8579,16.0
8580,66.0
8581,162.0
8582,301.0
8583,180.0
8584,90.0
8585,98.0
8586,116.0
8587,119.0
8588,120.0
8589,119.0
8590,159.0
8591,258.0
8592,244.0
8593,182.0
8594,123.0
8595,95.0
8596,73.0
8597,55.0
8598,24.0
8599,10.0
8600,7.0
8601,4.0
8602,4.0
8603,17.0
8604,60.0
8605,162.0
8606,298.0
8607,193.0
8608,95.0
8609,114.0
8610,136.0
8611,131.0
8612,143.0
8613,172.0
8614,204.0
8615,306.0
8616,271.0
8617,175.0
8618,134.0
8619,108.0
8620,72.0
8621,63.0
8622,58.0
8623,52.0
8624,46.0
8625,19.0
8626,7.0
8627,7.0
8628,15.0
8629,37.0
8630,77.0
8631,123.0
8632,172.0
8633,215.0
8634,315.0
8635,327.0
8636,265.0
8637,267.0
8638,233.0
8639,212.0
8640,187.0
8641,164.0
8642,135.0
8643,114.0
8644,88.0
8645,72.0
9099,27.0
9100,10.0
9101,11.0
9102,4.0
9103,3.0
9104,20.0
9105,83.0
9106,196.0
9107,427.0
9108,214.0
9109,120.0
9110,135.0
9111,152.0
9112,161.0
9113,162.0
9114,167.0
9115,208.0
9116,284.0
9117,276.0
9118,200.0
9119,149.0
9120,101.0
9121,68.0
9122,50.0
9123,32.0
9124,36.0
9125,30.0
9126,13.0
9127,5.0
9128,6.0
9129,9.0
9130,23.0
9131,95.0
9132,109.0
9133,147.0
9134,176.0
9135,197.0
9136,203.0
9137,170.0
9138,166.0
9139,183.0
9140,156.0
9141,143.0
9142,121.0
9143,101.0
9144,73.0
9145,69.0
9146,69.0
9147,57.0
9148,44.0
9149,46.0
9150,28.0
9151,8.0
9152,6.0
9153,9.0
9154,19.0
9155,54.0
9156,97.0
9157,135.0
9158,159.0
9159,177.0
9160,175.0
9161,171.0
9162,162.0
9163,155.0
9164,138.0
9165,120.0
9166,114.0
9167,92.0
9168,71.0
9169,58.0
9170,36.0
9171,15.0
9172,5.0
9173,4.0
9174,4.0
9175,6.0
9176,21.0
9177,83.0
9178,151.0
9179,200.0
9180,202.0
9181,100.0
9182,97.0
9183,104.0
9184,61.0
9185,61.0
9186,106.0
9187,110.0
9188,169.0
9189,180.0
9190,168.0
9191,133.0
9192,93.0
9193,79.0
9194,48.0
9195,16.0
9196,5.0
9197,6.0
9198,3.0
9199,5.0
9200,22.0
9201,84.0
9202,222.0
9203,413.0
9204,184.0
9205,103.0
9206,99.0
9207,114.0
9208,115.0
9209,123.0
9210,139.0
9211,225.0
9212,433.0
9213,361.0
9214,299.0
9215,171.0
9216,137.0
9217,115.0
9218,51.0
9219,26.0
9220,7.0
9221,5.0
9222,4.0
9223,4.0
9224,21.0
9225,80.0
9226,230.0
9227,459.0
9228,218.0
9229,110.0
9230,109.0
9231,133.0
9232,138.0
9233,131.0
9234,156.0
9235,195.0
9236,332.0
9237,267.0
9238,244.0
9239,177.0
9240,120.0
9241,112.0
9242,49.0
9243,21.0
9244,6.0
9245,7.0
9246,3.0
9247,5.0
9248,23.0
9249,86.0
9250,217.0
9251,430.0
9252,217.0
9253,108.0
9254,115.0
9255,145.0
9256,149.0
9257,157.0
9258,162.0
9259,216.0
9260,380.0
9261,383.0
9262,287.0
9263,205.0
9264,149.0
9265,132.0
9266,77.0
9267,40.0
9268,14.0
9269,11.0
9270,4.0
9271,4.0
9272,25.0
9273,96.0
9274,243.0
9275,282.0
9276,185.0
9277,148.0
9278,193.0
9279,223.0
9280,227.0
9281,222.0
9282,220.0
9283,271.0
9284,435.0
9285,375.0
9286,260.0
9287,177.0
9288,135.0
9289,120.0
9290,73.0
9291,76.0
9292,49.0
9293,42.0
9294,19.0
9295,7.0
9296,8.0
9297,9.0
9298,36.0
9299,79.0
9300,130.0
9301,196.0
9302,252.0
9303,247.0
9304,299.0
9305,341.0
9306,377.0
9307,402.0
9308,326.0
9309,274.0
9310,203.0
9311,154.0
9312,132.0
9313,119.0
9314,89.0
9315,76.0
9316,61.0
9317,53.0
9318,41.0
9319,9.0
9320,5.0
9321,8.0
9322,23.0
9323,61.0
9324,94.0
9325,145.0
9326,203.0
9327,245.0
9328,235.0
9329,227.0
9330,270.0
9331,262.0
9332,249.0
9333,208.0
9334,139.0
9335,112.0
9336,98.0
9337,91.0
9338,40.0
9339,19.0
9340,4.0
9341,4.0
9342,3.0
9343,4.0
9344,20.0
9345,86.0
9346,230.0
9347,406.0
9348,184.0
9349,107.0
9350,111.0
9351,132.0
9352,122.0
9353,128.0
9354,141.0
9355,211.0
9356,383.0
9357,369.0
9358,231.0
9359,188.0
9360,127.0
9361,88.0
9362,45.0
9363,18.0
9364,5.0
9365,5.0
9366,3.0
9367,3.0
9368,21.0
9369,89.0
9370,216.0
9371,444.0
9372,186.0
9373,103.0
9374,114.0
9375,148.0
9376,187.0
9377,190.0
9378,213.0
9379,298.0
9380,499.0
9381,474.0
9382,322.0
9383,193.0
9384,184.0
9385,111.0
9386,69.0
9842,30.0
9843,22.0
9844,20.0
9845,8.0
9846,4.0
9847,16.0
9848,32.0
9849,74.0
9850,100.0
9851,150.0
9852,194.0
9853,221.0
9854,225.0
9855,250.0
9856,285.0
9857,310.0
9858,301.0
9859,235.0
9860,173.0
9861,150.0
9862,95.0
9863,95.0
9864,47.0
9865,21.0
9866,7.0
9867,3.0
9868,3.0
9869,20.0
9870,85.0
9871,275.0
9872,466.0
9873,264.0
9874,113.0
9875,115.0
9876,156.0
9877,159.0
9878,151.0
9879,166.0
9880,229.0
9881,440.0
9882,431.0
9883,284.0
9884,202.0
9885,183.0
9886,97.0
9887,52.0
9888,23.0
9889,10.0
9890,4.0
9891,3.0
9892,2.0
9893,22.0
9894,91.0
9895,283.0
9896,506.0
9897,259.0
9898,125.0
9899,138.0
9900,159.0
9901,169.0
9902,156.0
9903,210.0
9904,296.0
9905,505.0
9906,431.0
9907,310.0
9908,226.0
9909,187.0
9910,131.0
9911,90.0
9912,31.0
9913,12.0
9914,8.0
9915,3.0
9916,3.0
9917,21.0
9918,87.0
9919,273.0
9920,490.0
9921,241.0
9922,141.0
9923,170.0
9924,199.0
9925,198.0
9926,199.0
9927,220.0
9928,324.0
9929,526.0
9930,499.0
9931,332.0
9932,228.0
9933,184.0
9934,138.0
9935,102.0
9936,43.0
9937,22.0
9938,8.0
9939,6.0
9940,4.0
9941,22.0
9942,86.0
9943,258.0
9944,474.0
9945,199.0
9946,101.0
9947,155.0
9948,180.0
9949,178.0
9950,189.0
9951,132.0
9952,140.0
9953,249.0
9954,359.0
9955,291.0
9956,214.0
9957,167.0
9958,123.0
9959,92.0
9960,82.0
9961,54.0
9962,44.0
9963,17.0
9964,6.0
9965,4.0
9966,14.0
9967,42.0
9968,94.0
9969,111.0
9970,204.0
9971,232.0
9972,273.0
9973,281.0
9974,247.0
9975,265.0
9976,234.0
9977,189.0
9978,171.0
9979,123.0
9980,99.0
9981,78.0
9982,83.0
9983,69.0
9984,69.0
9985,55.0
9986,51.0
9987,45.0
9988,8.0
9989,4.0
9990,6.0
9991,18.0
9992,52.0
9993,90.0
9994,177.0
9995,213.0
9996,261.0
9997,276.0
9998,294.0
9999,308.0
10000,285.0
10001,285.0
10002,228.0
10003,175.0
10004,134.0
10005,101.0
10006,117.0
10007,35.0
10008,17.0
10009,7.0
10010,5.0
10011,2.0
10012,2.0
10013,19.0
10014,86.0
10015,252.0
10016,459.0
10017,236.0
10018,125.0
10019,140.0
10020,161.0
10021,161.0
10022,167.0
10023,213.0
10024,302.0
10025,526.0
10026,480.0
10027,337.0
10028,237.0
10029,189.0
10030,116.0
10031,61.0
10032,27.0
10033,10.0
10034,7.0
10035,4.0
10036,4.0
10037,22.0
10038,98.0
10039,288.0
10040,474.0
10041,237.0
10042,123.0
10043,137.0
10044,158.0
10045,158.0
10046,140.0
10047,165.0
10048,270.0
10049,498.0
10050,501.0
10051,293.0
10052,190.0
10053,161.0
10054,108.0
10055,52.0
10056,23.0
10057,8.0
10058,4.0
10059,2.0
10060,22.0
10061,88.0
10062,276.0
10063,501.0
10064,161.0
10065,62.0
10066,81.0
10067,83.0
10068,156.0
10069,152.0
10070,153.0
10071,122.0
10072,332.0
10073,289.0
10074,283.0
10075,164.0
10076,130.0
10077,102.0
10078,70.0
10534,27.0
10535,19.0
10536,5.0
10537,3.0
10538,4.0
10539,22.0
10540,124.0
10541,180.0
10542,531.0
10543,335.0
10544,177.0
10545,211.0
10546,241.0
10547,239.0
10548,212.0
10549,247.0
10550,348.0
10551,650.0
10552,674.0
10553,467.0
10554,331.0
10555,249.0
10556,169.0
10557,91.0
10558,41.0
10559,20.0
10560,7.0
10561,5.0
10562,5.0
10563,27.0
10564,131.0
10565,254.0
10566,448.0
10567,331.0
10568,175.0
10569,177.0
10570,236.0
10571,225.0
10572,224.0
10573,236.0
10574,381.0
10575,689.0
10576,702.0
10577,527.0
10578,351.0
10579,261.0
10580,211.0
10581,115.0
10582,54.0
10583,22.0
10584,12.0
10585,6.0
10586,6.0
10587,25.0
10588,130.0
10589,342.0
10590,600.0
10591,314.0
10592,183.0
10593,191.0
10594,216.0
10595,248.0
10596,237.0
10597,256.0
10598,369.0
10599,695.0
10600,727.0
10601,510.0
10602,392.0
10603,274.0
10604,210.0
10605,142.0
10606,77.0
10607,33.0
10608,12.0
10609,10.0
10610,6.0
10611,26.0
10612,129.0
10613,335.0
10614,598.0
10615,313.0
10616,203.0
10617,243.0
10618,311.0
10619,357.0
10620,340.0
10621,347.0
10622,460.0
10623,714.0
10624,693.0
10625,485.0
10626,342.0
10627,273.0
10628,242.0
10629,216.0
10630,120.0
10631,92.0
10632,66.0
10633,30.0
10634,11.0
10635,15.0
10636,47.0
10637,97.0
10638,218.0
10639,299.0
10640,406.0
10641,465.0
10642,385.0
10643,397.0
10644,406.0
10645,416.0
10646,298.0
10647,257.0
10648,246.0
10649,225.0
10650,176.0
10651,151.0
10652,122.0
10653,146.0
10654,89.0
10655,75.0
10656,61.0
10657,24.0
10658,13.0
10659,14.0
10660,48.0
10661,72.0
10662,125.0
10663,217.0
10664,304.0
10665,363.0
10666,394.0
10667,421.0
10668,431.0
10669,415.0
10670,457.0
10671,477.0
10672,416.0
10673,331.0
10674,219.0
10675,168.0
10676,110.0
10677,65.0
10678,28.0
10679,14.0
10680,7.0
10681,4.0
10682,4.0
10683,28.0
10684,121.0
10685,389.0
10686,616.0
10687,295.0
10688,184.0
10689,230.0
10690,263.0
10691,270.0
10692,264.0
10693,294.0
10694,365.0
10695,593.0
10696,533.0
10697,382.0
10698,257.0
10699,190.0
10700,123.0
10701,65.0
10702,31.0
10703,11.0
10704,7.0
10705,5.0
10706,5.0
10707,28.0
10708,104.0
10709,299.0
10710,514.0
10711,305.0
10712,202.0
10713,203.0
10714,209.0
10715,216.0
10716,226.0
10717,246.0
10718,312.0
10719,568.0
10720,521.0
10721,403.0
10722,273.0
10723,180.0
10724,133.0
10725,69.0
10726,30.0
10727,11.0
10728,4.0
10729,5.0
10730,3.0
10731,26.0
10732,119.0
10733,324.0
10734,580.0
10735,326.0
10736,191.0
10737,224.0
10738,258.0
10739,260.0
10740,251.0
10741,264.0
10742,352.0
10743,721.0
10744,751.0
10745,514.0
10746,392.0
10747,280.0
10748,204.0
10749,116.0
10750,54.0
10751,21.0
10752,17.0
10753,8.0
10754,8.0
10755,34.0
10756,132.0
10757,392.0
10758,583.0
10759,325.0
10760,174.0
10761,224.0
10762,249.0
10763,249.0
10764,230.0
10765,262.0
10766,382.0
10767,633.0
10768,612.0
10769,426.0
10770,278.0
10771,213.0
10772,151.0
10773,106.0
10774,55.0
10775,29.0
10776,10.0
10777,9.0
10778,5.0
10779,24.0
10780,90.0
10781,294.0
10782,581.0
10783,322.0
10784,189.0
10785,219.0
10786,239.0
10787,184.0
10788,167.0
10789,165.0
10790,189.0
10791,462.0
10792,507.0
10793,372.0
10794,269.0
10795,195.0
10796,150.0
10797,128.0
10798,90.0
10799,70.0
10800,50.0
10801,28.0
10802,10.0
10803,13.0
10804,50.0
10805,57.0
10806,146.0
10807,263.0
10808,319.0
10809,477.0
10810,529.0
10811,595.0
10812,519.0
10813,532.0
10814,477.0
10815,467.0
10816,343.0
10817,298.0
10818,215.0
10819,187.0
10820,155.0
10821,107.0
11276,65.0
11277,40.0
11278,13.0
11279,11.0
11280,7.0
11281,32.0
11282,131.0
11283,379.0
11284,619.0
11285,312.0
11286,204.0
11287,264.0
11288,338.0
11289,374.0
11290,350.0
11291,372.0
11292,493.0
11293,743.0
11294,672.0
11295,495.0
11296,369.0
11297,268.0
11298,233.0
11299,180.0
11300,124.0
11301,99.0
11302,66.0
11303,32.0
11304,13.0
11305,14.0
11306,41.0
11307,90.0
11308,205.0
11309,304.0
11310,442.0
11311,547.0
11312,590.0
11313,631.0
11314,626.0
11315,618.0
11316,625.0
11317,591.0
11318,486.0
11319,337.0
11320,176.0
11321,132.0
11322,188.0
11323,146.0
11324,103.0
11325,92.0
11326,62.0
11327,26.0
11328,13.0
11329,18.0
11330,52.0
11331,57.0
11332,101.0
11333,142.0
11334,258.0
11335,291.0
11336,292.0
11337,290.0
11338,276.0
11339,290.0
11340,277.0
11341,245.0
11342,236.0
11343,212.0
11344,167.0
11345,128.0
11346,99.0
11347,69.0
11348,24.0
11349,10.0
11350,7.0
11351,3.0
11352,7.0
11353,24.0
11354,106.0
11355,228.0
11356,550.0
11357,286.0
11358,173.0
11359,178.0
11360,146.0
11361,152.0
11362,161.0
11363,195.0
11364,202.0
11365,305.0
11366,301.0
11367,306.0
11368,221.0
11369,156.0
11370,126.0
11371,70.0
11372,29.0
11373,13.0
11374,4.0
11375,3.0
11376,3.0
11377,25.0
11378,102.0
11379,310.0
11380,613.0
11381,333.0
11382,195.0
11383,242.0
11384,278.0
11385,282.0
11386,264.0
11387,297.0
11388,413.0
11389,664.0
11390,619.0
11391,488.0
11392,284.0
11393,222.0
11394,157.0
11395,87.0
11396,38.0
11397,12.0
11398,7.0
11399,3.0
11400,2.0
11401,29.0
11402,117.0
11403,388.0
11404,633.0
11405,347.0
11406,208.0
11407,241.0
11408,275.0
11409,290.0
11410,268.0
11411,275.0
11412,415.0
11413,752.0
11414,760.0
11415,532.0
11416,380.0
11417,258.0
11418,201.0
11419,102.0
11420,57.0
11421,15.0
11422,7.0
11423,5.0
11424,6.0
11425,28.0
11426,138.0
11427,347.0
11428,580.0
11429,264.0
11430,188.0
11431,202.0
11432,229.0
11433,230.0
11434,227.0
11435,247.0
11436,302.0
11437,631.0
11438,504.0
11439,425.0
11440,346.0
11441,250.0
11442,232.0
11443,137.0
11444,70.0
11445,36.0
11446,17.0
11447,10.0
11448,6.0
11449,29.0
11450,121.0
11451,335.0
11452,582.0
11453,333.0
11454,212.0
11455,265.0
11456,332.0
11457,399.0
11458,403.0
11459,427.0
11460,467.0
11461,659.0
11462,611.0
11463,444.0
11464,269.0
11465,199.0
11466,157.0
11467,122.0
11468,95.0
11469,64.0
11470,48.0
11471,26.0
11472,10.0
11473,8.0
11474,23.0
11475,64.0
11476,159.0
11477,263.0
11478,329.0
11479,395.0
11480,411.0
11481,437.0
11482,490.0
11483,492.0
11484,446.0
11485,415.0
11486,327.0
11487,227.0
11488,216.0
11489,156.0
11490,154.0
11491,148.0
11492,53.0
11493,66.0
11494,77.0
11495,27.0
11496,14.0
11497,14.0
11498,39.0
11499,76.0
11500,119.0
11501,242.0
11502,369.0
11503,450.0
11504,523.0
11505,552.0
11506,548.0
11507,570.0
11508,513.0
11509,444.0
11510,368.0
11511,376.0
11512,252.0
11513,151.0
11514,117.0
11515,69.0
11516,39.0
11517,15.0
11518,8.0
11519,3.0
11520,4.0
11521,30.0
11522,117.0
11523,350.0
11524,595.0
11525,311.0
11526,204.0
11527,227.0
11528,245.0
11529,248.0
11530,244.0
11531,257.0
11532,382.0
11533,725.0
11534,628.0
11535,462.0
11536,288.0
11537,230.0
11538,149.0
11539,88.0
11996,120.0
11997,104.0
11998,73.0
11999,32.0
12000,14.0
12001,12.0
12002,18.0
12003,61.0
12004,152.0
12005,272.0
12006,401.0
12007,529.0
12008,644.0
12009,660.0
12010,590.0
12011,578.0
12012,568.0
12013,535.0
12014,449.0
12015,354.0
12016,282.0
12017,224.0
12018,157.0
12019,89.0
12020,30.0
12021,17.0
12022,5.0
12023,4.0
12024,5.0
12025,13.0
12026,64.0
12027,210.0
12028,157.0
12029,124.0
12030,102.0
12031,131.0
12032,196.0
12033,144.0
12034,137.0
12035,211.0
12036,327.0
12037,698.0
12038,714.0
12039,515.0
12040,363.0
12041,280.0
12042,162.0
12043,100.0
12044,41.0
12045,18.0
12046,7.0
12047,6.0
12048,6.0
12049,12.0
12050,52.0
12051,189.0
12052,504.0
12053,346.0
12054,176.0
12055,193.0
12056,211.0
12057,217.0
12058,193.0
12059,274.0
12060,383.0
12061,707.0
12062,728.0
12063,512.0
12064,406.0
12065,288.0
12066,202.0
12067,113.0
12068,47.0
12069,20.0
12070,9.0
12071,6.0
12072,6.0
12073,15.0
12074,152.0
12075,448.0
12076,650.0
12077,333.0
12078,179.0
12079,228.0
12080,278.0
12081,237.0
12082,250.0
12083,275.0
12084,320.0
12085,474.0
12086,580.0
12087,383.0
12088,272.0
12089,196.0
12090,187.0
12091,129.0
12092,76.0
12093,27.0
12094,14.0
12095,6.0
12096,7.0
12097,30.0
12098,137.0
12099,465.0
12100,654.0
12101,330.0
12102,193.0
12103,235.0
12104,312.0
12105,300.0
12106,252.0
12107,301.0
12108,385.0
12109,747.0
12110,758.0
12111,574.0
12112,332.0
12113,111.0
12114,199.0
12115,155.0
12116,92.0
12117,42.0
12118,12.0
12119,7.0
12120,7.0
12121,33.0
12122,138.0
12123,405.0
12124,639.0
12125,297.0
12126,220.0
12127,260.0
12128,329.0
12129,336.0
12130,321.0
12131,341.0
12132,441.0
12133,690.0
12134,667.0
12135,520.0
12136,358.0
12137,280.0
12138,279.0
12139,228.0
12140,157.0
12141,106.0
12142,76.0
12143,31.0
12144,9.0
12145,15.0
12146,51.0
12147,79.0
12148,208.0
12149,286.0
12150,420.0
12151,511.0
12152,523.0
12153,540.0
12154,537.0
12155,531.0
12156,526.0
12157,520.0
12158,486.0
12159,401.0
12160,293.0
12161,255.0
12162,254.0
12163,214.0
12164,139.0
12165,112.0
12166,77.0
12167,31.0
12168,10.0
12169,14.0
12170,23.0
12171,59.0
12172,167.0
12173,264.0
12174,362.0
12175,442.0
12176,498.0
12177,516.0
12178,515.0
12179,485.0
12180,495.0
12181,513.0
12182,449.0
12183,341.0
12184,319.0
12185,198.0
12186,123.0
12187,96.0
12188,97.0
12189,56.0
12190,33.0
12191,20.0
12192,8.0
12193,22.0
12194,78.0
12195,188.0
12196,242.0
12197,287.0
12198,320.0
12199,344.0
12200,368.0
12201,385.0
12202,385.0
12203,384.0
12204,436.0
12205,533.0
12206,500.0
12207,406.0
12208,369.0
12209,287.0
12210,242.0
12211,115.0
12212,45.0
12213,17.0
12214,9.0
12215,6.0
12216,9.0
12217,33.0
12218,166.0
12219,465.0
12220,641.0
12221,317.0
12222,177.0
12223,237.0
12224,272.0
12225,265.0
12226,247.0
12227,263.0
12228,364.0
12229,740.0
12230,758.0
12231,583.0
12232,320.0
12233,144.0
12234,162.0
12235,84.0
12236,43.0
12237,16.0
12238,5.0
12239,4.0
12240,8.0
12241,33.0
12242,149.0
12243,280.0
12244,652.0
12245,341.0
12246,163.0
12247,222.0
12248,329.0
12249,329.0
12250,264.0
12251,281.0
12252,403.0
12253,726.0
12254,816.0
12255,514.0
12256,322.0
12257,340.0
12258,278.0
12259,141.0
12260,74.0
12261,25.0
12262,14.0
12263,7.0
12264,10.0
12265,35.0
12266,164.0
12267,477.0
12268,663.0
12269,339.0
12270,201.0
12271,261.0
12272,326.0
12273,314.0
12274,249.0
12275,307.0
12276,424.0
12277,810.0
12278,819.0
12279,521.0
12280,384.0
12281,317.0
12282,282.0
12283,179.0
12740,47.0
12741,23.0
12742,6.0
12743,8.0
12744,9.0
12745,43.0
12746,155.0
12747,416.0
12748,670.0
12749,343.0
12750,184.0
12751,217.0
12752,255.0
12753,258.0
12754,236.0
12755,282.0
12756,400.0
12757,754.0
12758,757.0
12759,554.0
12760,433.0
12761,340.0
12762,270.0
12763,136.0
12764,66.0
12765,26.0
12766,9.0
12767,6.0
12768,8.0
12769,40.0
12770,180.0
12771,467.0
12772,675.0
12773,296.0
12774,191.0
12775,230.0
12776,282.0
12777,277.0
12778,228.0
12779,268.0
12780,404.0
12781,757.0
12782,782.0
12783,522.0
12784,451.0
12785,326.0
12786,244.0
12787,141.0
12788,88.0
12789,40.0
12790,19.0
12791,10.0
12792,9.0
12793,38.0
12794,141.0
12795,424.0
12796,632.0
12797,350.0
12798,236.0
12799,274.0
12800,336.0
12801,330.0
12802,306.0
12803,320.0
12804,428.0
12805,797.0
12806,680.0
12807,518.0
12808,379.0
12809,251.0
12810,264.0
12811,191.0
12812,176.0
12813,110.0
12814,79.0
12815,35.0
12816,10.0
12817,11.0
12818,36.0
12819,61.0
12820,182.0
12821,290.0
12822,431.0
12823,535.0
12824,554.0
12825,570.0
12826,584.0
12827,545.0
12828,520.0
12829,485.0
12830,443.0
12831,364.0
12832,341.0
12833,290.0
12834,266.0
12835,209.0
12836,178.0
12837,146.0
12838,109.0
12839,49.0
12840,18.0
12841,12.0
12842,19.0
12843,46.0
12844,135.0
12845,236.0
12846,400.0
12847,477.0
12848,509.0
12849,522.0
12850,491.0
12851,471.0
12852,482.0
12853,459.0
12854,452.0
12855,392.0
12856,341.0
12857,232.0
12858,161.0
12859,109.0
12860,46.0
12861,17.0
12862,12.0
12863,7.0
12864,9.0
12865,41.0
12866,150.0
12867,481.0
12868,635.0
12869,330.0
12870,181.0
12871,228.0
12872,269.0
12873,277.0
12874,245.0
12875,270.0
12876,404.0
12877,812.0
12878,789.0
12879,637.0
12880,429.0
12881,284.0
12882,198.0
12883,118.0
12884,50.0
12885,21.0
12886,13.0
12887,7.0
12888,10.0
12889,43.0
12890,162.0
12891,484.0
12892,651.0
12893,339.0
12894,203.0
12895,240.0
12896,288.0
12897,284.0
12898,273.0
12899,293.0
12900,414.0
12901,828.0
12902,785.0
12903,585.0
12904,433.0
12905,306.0
12906,206.0
12907,142.0
12908,53.0
12909,23.0
12910,11.0
12911,7.0
12912,12.0
12913,45.0
12914,166.0
12915,454.0
12916,645.0
12917,333.0
12918,204.0
12919,244.0
12920,301.0
12921,279.0
12922,263.0
12923,284.0
12924,412.0
12925,809.0
12926,781.0
12927,618.0
12928,459.0
12929,348.0
12930,273.0
12931,148.0
12932,77.0
12933,25.0
12934,15.0
12935,9.0
12936,7.0
12937,39.0
12938,155.0
12939,495.0
12940,644.0
12941,337.0
12942,208.0
12943,243.0
12944,292.0
12945,285.0
12946,250.0
12947,281.0
12948,425.0
12949,752.0
12950,764.0
12951,558.0
12952,479.0
12953,341.0
12954,301.0
12955,187.0
12956,90.0
12957,34.0
12958,17.0
12959,7.0
12960,8.0
12961,36.0
12962,141.0
12963,422.0
12964,680.0
12965,354.0
12966,222.0
12967,262.0
12968,331.0
12969,306.0
12970,283.0
12971,303.0
12972,423.0
12973,640.0
12974,603.0
12975,445.0
12976,372.0
12977,311.0
12978,179.0
12979,154.0
12980,104.0
12981,111.0
12982,69.0
12983,36.0
12984,9.0
12985,12.0
12986,36.0
12987,66.0
12988,172.0
12989,288.0
12990,387.0
12991,462.0
12992,503.0
12993,510.0
12994,505.0
12995,491.0
12996,426.0
12997,418.0
12998,405.0
12999,396.0
13000,320.0
13001,278.0
13002,241.0
13003,193.0
13460,83.0
13461,35.0
13462,12.0
13463,8.0
13464,9.0
13465,40.0
13466,161.0
13467,436.0
13468,669.0
13469,342.0
13470,222.0
13471,268.0
13472,169.0
13473,187.0
13474,210.0
13475,296.0
13476,341.0
13477,517.0
13478,528.0
13479,368.0
13480,101.0
13481,203.0
13482,199.0
13483,169.0
13484,106.0
13485,115.0
13486,52.0
13487,24.0
13488,10.0
13489,15.0
13490,39.0
13491,70.0
13492,180.0
13493,266.0
13494,347.0
13495,445.0
13496,326.0
13497,299.0
13498,463.0
13499,389.0
13500,184.0
13501,223.0
13502,324.0
13503,295.0
13504,191.0
13505,182.0
13506,171.0
13507,152.0
13508,116.0
13509,133.0
13510,105.0
13511,50.0
13512,15.0
13513,15.0
13514,20.0
13515,47.0
13516,134.0
13517,268.0
13518,403.0
13519,420.0
13520,477.0
13521,485.0
13522,490.0
13523,454.0
13524,433.0
13525,445.0
13526,379.0
13527,321.0
13528,267.0
13529,213.0
13530,145.0
13531,101.0
13532,48.0
13533,18.0
13534,9.0
13535,7.0
13536,10.0
13537,40.0
13538,153.0
13539,461.0
13540,633.0
13541,335.0
13542,190.0
13543,217.0
13544,264.0
13545,264.0
13546,252.0
13547,262.0
13548,372.0
13549,803.0
13550,804.0
13551,598.0
13552,436.0
13553,313.0
13554,204.0
13555,129.0
13556,60.0
13557,22.0
13558,10.0
13559,5.0
13560,6.0
13561,43.0
13562,176.0
13563,486.0
13564,645.0
13565,293.0
13566,190.0
13567,207.0
13568,260.0
13569,248.0
13570,238.0
13571,269.0
13572,377.0
13573,802.0
13574,752.0
13575,598.0
13576,438.0
13577,314.0
13578,206.0
13579,141.0
13580,50.0
13581,22.0
13582,9.0
13583,7.0
13584,6.0
13585,41.0
13586,169.0
13587,439.0
13588,631.0
13589,332.0
13590,206.0
13591,236.0
13592,306.0
13593,282.0
13594,248.0
13595,282.0
13596,410.0
13597,823.0
13598,790.0
13599,612.0
13600,465.0
13601,349.0
13602,252.0
13603,145.0
13604,70.0
13605,28.0
13606,12.0
13607,7.0
13608,6.0
13609,39.0
13610,172.0
13611,480.0
13612,685.0
13613,332.0
13614,207.0
13615,227.0
13616,273.0
13617,281.0
13618,213.0
13619,253.0
13620,421.0
13621,704.0
13622,698.0
13623,544.0
13624,465.0
13625,341.0
13626,278.0
13627,169.0
13628,85.0
13629,41.0
13630,18.0
13631,7.0
13632,9.0
13633,38.0
13634,155.0
13635,433.0
13636,665.0
13637,313.0
13638,233.0
13639,263.0
13640,335.0
13641,338.0
13642,304.0
13643,339.0
13644,423.0
13645,718.0
13646,638.0
13647,470.0
13648,379.0
13649,301.0
13650,260.0
13651,190.0
13652,160.0
13653,94.0
13654,76.0
13655,34.0
13656,13.0
13657,14.0
13658,37.0
13659,68.0
13660,166.0
13661,269.0
13662,405.0
13663,501.0
13664,543.0
13665,522.0
13666,529.0
13667,485.0
13668,490.0
13669,427.0
13670,438.0
13671,363.0
13672,306.0
13673,282.0
13674,232.0
13675,189.0
13676,177.0
13677,113.0
13678,87.0
13679,40.0
13680,10.0
13681,13.0
13682,20.0
13683,56.0
13684,135.0
13685,239.0
13686,388.0
13687,467.0
13688,518.0
13689,501.0
13690,506.0
13691,493.0
13692,471.0
13693,415.0
13694,444.0
13695,337.0
13696,292.0
13697,208.0
13698,147.0
13699,107.0
13700,52.0
13701,16.0
13702,14.0
13703,6.0
13704,11.0
13705,47.0
13706,148.0
13707,473.0
13708,631.0
13709,345.0
13710,193.0
13711,219.0
13712,268.0
13713,264.0
13714,247.0
13715,262.0
13716,395.0
13717,778.0
13718,780.0
13719,586.0
13720,422.0
13721,298.0
13722,187.0
13723,126.0
13724,54.0
13725,22.0
13726,10.0
13727,6.0
13728,6.0
13729,40.0
13730,178.0
13731,463.0
13732,639.0
13733,329.0
13734,204.0
13735,219.0
13736,278.0
13737,268.0
13738,252.0
13739,269.0
13740,350.0
13741,839.0
13742,801.0
13743,465.0
13744,327.0
13745,285.0
13746,187.0
13747,131.0
14204,37.0
14205,17.0
14206,10.0
14207,7.0
14208,10.0
14209,41.0
14210,155.0
14211,423.0
14212,645.0
14213,346.0
14214,213.0
14215,244.0
14216,293.0
14217,296.0
14218,269.0
14219,292.0
14220,445.0
14221,839.0
14222,620.0
14223,436.0
14224,274.0
14225,263.0
14226,142.0
14227,84.0
14228,34.0
14229,16.0
14230,8.0
14231,7.0
14232,8.0
14233,41.0
14234,175.0
14235,478.0
14236,679.0
14237,347.0
14238,212.0
14239,230.0
14240,307.0
14241,297.0
14242,254.0
14243,300.0
14244,466.0
14245,849.0
14246,840.0
14247,381.0
14248,422.0
14249,300.0
14250,196.0
14251,130.0
14252,49.0
14253,26.0
14254,9.0
14255,7.0
14256,5.0
14257,39.0
14258,172.0
14259,475.0
14260,697.0
14261,344.0
14262,221.0
14263,238.0
14264,310.0
14265,293.0
14266,254.0
14267,284.0
14268,428.0
14269,804.0
14270,821.0
14271,496.0
14272,437.0
14273,332.0
14274,255.0
14275,143.0
14276,74.0
14277,24.0
14278,11.0
14279,7.0
14280,7.0
14281,40.0
14282,174.0
14283,433.0
14284,696.0
14285,360.0
14286,209.0
14287,242.0
14288,313.0
14289,287.0
14290,241.0
14291,281.0
14292,422.0
14293,840.0
14294,834.0
14295,652.0
14296,438.0
14297,330.0
14298,240.0
14299,176.0
14300,84.0
14301,51.0
14302,21.0
14303,10.0
14304,9.0
14305,39.0
14306,160.0
14307,419.0
14308,691.0
14309,399.0
14310,262.0
14311,285.0
14312,373.0
14313,364.0
14314,341.0
14315,356.0
14316,477.0
14317,787.0
14318,686.0
14319,496.0
14320,381.0
14321,312.0
14322,221.0
14323,199.0
14324,159.0
14325,116.0
14326,91.0
14327,34.0
14328,10.0
14329,9.0
14330,34.0
14331,65.0
14332,180.0
14333,269.0
14334,442.0
14335,479.0
14336,491.0
14337,574.0
14338,415.0
14339,491.0
14340,494.0
14341,437.0
14342,398.0
14343,342.0
14344,171.0
14345,262.0
14346,228.0
14347,167.0
14348,167.0
14349,100.0
14350,111.0
14351,52.0
14352,21.0
14353,13.0
14354,20.0
14355,53.0
14356,127.0
14357,255.0
14358,372.0
14359,451.0
14360,427.0
14361,268.0
14362,387.0
14363,252.0
14364,230.0
14365,371.0
14366,335.0
14367,279.0
14368,210.0
14369,203.0
14370,144.0
14371,97.0
14372,46.0
14373,16.0
14374,9.0
14375,6.0
14376,10.0
14377,39.0
14378,157.0
14379,387.0
14380,610.0
14381,341.0
14382,216.0
14383,244.0
14384,284.0
14385,276.0
14386,265.0
14387,280.0
14388,463.0
14389,835.0
14390,822.0
14391,585.0
14392,437.0
14393,298.0
14394,190.0
14395,128.0
14396,48.0
14397,22.0
14398,10.0
14399,6.0
14400,9.0
14401,40.0
14402,174.0
14403,264.0
14404,631.0
14405,330.0
14406,212.0
14407,238.0
14408,284.0
14409,278.0
14410,254.0
14411,275.0
14412,449.0
14413,832.0
14414,836.0
14415,596.0
14416,436.0
14417,306.0
14418,207.0
14419,152.0
14420,52.0
14421,25.0
14422,11.0
14423,9.0
14424,5.0
14425,38.0
14426,175.0
14427,456.0
14428,682.0
14429,343.0
14430,213.0
14431,242.0
14432,306.0
14433,308.0
14434,253.0
14435,278.0
14436,451.0
14437,846.0
14438,846.0
14439,636.0
14440,443.0
14441,342.0
14442,248.0
14443,147.0
14444,75.0
14445,22.0
14446,12.0
14447,8.0
14448,7.0
14449,41.0
14450,166.0
14451,471.0
14452,689.0
14453,344.0
14454,197.0
14455,259.0
14456,298.0
14457,286.0
14458,244.0
14459,283.0
14460,422.0
14461,888.0
14462,830.0
14463,655.0
14464,479.0
14465,339.0
14466,259.0
14467,183.0
14468,88.0
14469,39.0
14470,13.0
14471,8.0
14472,9.0
14473,39.0
14474,163.0
14475,412.0
14476,691.0
14477,353.0
14478,232.0
14479,254.0
14480,335.0
14481,331.0
14482,297.0
14483,334.0
14484,441.0
14485,752.0
14486,669.0
14487,509.0
14488,393.0
14489,300.0
14490,252.0
14491,200.0
14948,54.0
14949,23.0
14950,12.0
14951,9.0
14952,7.0
14953,46.0
14954,191.0
14955,531.0
14956,779.0
14957,338.0
14958,207.0
14959,256.0
14960,310.0
14961,300.0
14962,281.0
14963,331.0
14964,472.0
14965,881.0
14966,859.0
14967,601.0
14968,429.0
14969,302.0
14970,234.0
14971,163.0
14972,87.0
14973,40.0
14974,27.0
14975,10.0
14976,11.0
14977,48.0
14978,165.0
14979,460.0
14980,745.0
14981,350.0
14982,229.0
14983,290.0
14984,371.0
14985,393.0
14986,355.0
14987,370.0
14988,504.0
14989,845.0
14990,795.0
14991,588.0
14992,404.0
14993,291.0
14994,263.0
14995,208.0
14996,173.0
14997,113.0
14998,73.0
14999,37.0
15000,12.0
15001,19.0
15002,34.0
15003,75.0
15004,202.0
15005,320.0
15006,453.0
15007,583.0
15008,639.0
15009,615.0
15010,589.0
15011,596.0
15012,604.0
15013,593.0
15014,511.0
15015,422.0
15016,323.0
15017,304.0
15018,260.0
15019,211.0
15020,178.0
15021,112.0
15022,82.0
15023,36.0
15024,14.0
15025,16.0
15026,30.0
15027,67.0
15028,141.0
15029,271.0
15030,441.0
15031,515.0
15032,608.0
15033,651.0
15034,634.0
15035,639.0
15036,636.0
15037,580.0
15038,469.0
15039,361.0
15040,271.0
15041,169.0
15042,145.0
15043,84.0
15044,45.0
15045,18.0
15046,8.0
15047,6.0
15048,10.0
15049,44.0
15050,169.0
15051,489.0
15052,766.0
15053,337.0
15054,200.0
15055,267.0
15056,327.0
15057,313.0
15058,280.0
15059,320.0
15060,473.0
15061,899.0
15062,832.0
15063,538.0
15064,375.0
15065,256.0
15066,137.0
15067,87.0
15068,45.0
15069,16.0
15070,6.0
15071,3.0
15072,8.0
15073,43.0
15074,173.0
15075,507.0
15076,797.0
15077,354.0
15078,211.0
15079,251.0
15080,326.0
15081,318.0
15082,301.0
15083,335.0
15084,508.0
15085,899.0
15086,912.0
15087,565.0
15088,427.0
15089,286.0
15090,192.0
15091,121.0
15092,40.0
15093,16.0
15094,8.0
15095,7.0
15096,7.0
15097,43.0
15098,175.0
15099,527.0
15100,776.0
15101,354.0
15102,198.0
15103,250.0
15104,338.0
15105,309.0
15106,271.0
15107,310.0
15108,495.0
15109,887.0
15110,865.0
15111,591.0
15112,448.0
15113,321.0
15114,189.0
15115,149.0
15116,72.0
15117,28.0
15118,12.0
15119,10.0
15120,8.0
15121,42.0
15122,168.0
15123,500.0
15124,743.0
15125,356.0
15126,212.0
15127,250.0
15128,293.0
15129,292.0
15130,265.0
15131,328.0
15132,477.0
15133,799.0
15134,781.0
15135,572.0
15136,363.0
15137,261.0
15138,155.0
15139,118.0
15140,69.0
15141,24.0
15142,10.0
15143,7.0
15144,7.0
15145,40.0
15146,156.0
15147,448.0
15148,743.0
15149,349.0
15150,214.0
15151,269.0
15152,406.0
15153,401.0
15154,378.0
15155,388.0
15156,527.0
15157,817.0
15158,768.0
15159,445.0
15160,339.0
15161,261.0
15162,235.0
15163,161.0
15164,171.0
15165,128.0
15166,70.0
15167,47.0
15168,15.0
15169,16.0
15170,38.0
15171,90.0
15172,206.0
15173,338.0
15174,459.0
15175,573.0
15176,645.0
15177,662.0
15178,639.0
15179,633.0
15180,647.0
15181,630.0
15182,500.0
15183,358.0
15184,265.0
15185,255.0
15186,210.0
15187,190.0
15188,153.0
15189,118.0
15190,72.0
15191,34.0
15192,11.0
15193,12.0
15194,30.0
15195,70.0
15196,141.0
15197,283.0
15198,454.0
15199,544.0
15200,599.0
15201,641.0
15202,615.0
15203,625.0
15204,642.0
15205,599.0
15206,449.0
15207,266.0
15208,230.0
15209,172.0
15210,119.0
15211,93.0
15668,171.0
15669,127.0
15670,65.0
15671,34.0
15672,12.0
15673,14.0
15674,38.0
15675,89.0
15676,205.0
15677,348.0
15678,450.0
15679,576.0
15680,628.0
15681,644.0
15682,625.0
15683,612.0
15684,625.0
15685,580.0
15686,502.0
15687,349.0
15688,268.0
15689,224.0
15690,187.0
15691,168.0
15692,135.0
15693,111.0
15694,71.0
15695,32.0
15696,12.0
15697,13.0
15698,32.0
15699,73.0
15700,139.0
15701,268.0
15702,395.0
15703,502.0
15704,580.0
15705,647.0
15706,654.0
15707,675.0
15708,649.0
15709,554.0
15710,455.0
15711,354.0
15712,256.0
15713,167.0
15714,131.0
15715,106.0
15716,40.0
15717,14.0
15718,10.0
15719,6.0
15720,9.0
15721,36.0
15722,156.0
15723,415.0
15724,810.0
15725,336.0
15726,195.0
15727,272.0
15728,324.0
15729,315.0
15730,292.0
15731,332.0
15732,521.0
15733,899.0
15734,745.0
15735,523.0
15736,379.0
15737,225.0
15738,143.0
15739,92.0
15740,49.0
15741,16.0
15742,6.0
15743,4.0
15744,8.0
15745,39.0
15746,171.0
15747,432.0
15748,769.0
15749,366.0
15750,199.0
15751,255.0
15752,321.0
15753,303.0
15754,276.0
15755,326.0
15756,513.0
15757,932.0
15758,861.0
15759,551.0
15760,443.0
15761,272.0
15762,210.0
15763,115.0
15764,47.0
15765,20.0
15766,11.0
15767,7.0
15768,6.0
15769,43.0
15770,175.0
15771,507.0
15772,728.0
15773,376.0
15774,207.0
15775,276.0
15776,342.0
15777,310.0
15778,279.0
15779,325.0
15780,543.0
15781,922.0
15782,911.0
15783,530.0
15784,373.0
15785,260.0
15786,229.0
15787,140.0
15788,67.0
15789,23.0
15790,11.0
15791,7.0
15792,8.0
15793,43.0
15794,170.0
15795,428.0
15796,689.0
15797,373.0
15798,193.0
15799,197.0
15800,236.0
15801,235.0
15802,281.0
15803,338.0
15804,450.0
15805,821.0
15806,367.0
15807,357.0
15808,293.0
15809,244.0
15810,216.0
15811,128.0
15812,72.0
15813,32.0
15814,10.0
15815,6.0
15816,7.0
15817,40.0
15818,155.0
15819,415.0
15820,596.0
15821,376.0
15822,225.0
15823,236.0
15824,311.0
15825,325.0
15826,346.0
15827,375.0
15828,463.0
15829,631.0
15830,453.0
15831,327.0
15832,285.0
15833,256.0
15834,210.0
15835,164.0
15836,176.0
15837,120.0
15838,60.0
15839,49.0
15840,11.0
15841,14.0
15842,31.0
15843,88.0
15844,200.0
15845,341.0
15846,467.0
15847,586.0
15848,646.0
15849,653.0
15850,623.0
15851,537.0
15852,508.0
15853,520.0
15854,451.0
15855,361.0
15856,267.0
15857,230.0
15858,203.0
15859,162.0
15860,123.0
15861,121.0
15862,90.0
15863,39.0
15864,16.0
15865,16.0
15866,29.0
15867,59.0
15868,129.0
15869,241.0
15870,307.0
15871,424.0
15872,455.0
15873,465.0
15874,469.0
15875,444.0
15876,373.0
15877,293.0
15878,188.0
15879,175.0
15880,161.0
15881,132.0
15882,104.0
15883,66.0
15884,28.0
15885,181.0
15886,184.0
15887,217.0
15888,289.0
15889,451.0
15890,433.0
15891,514.0
15892,259.0
15893,195.0
15894,153.0
15895,157.0
15896,95.0
15897,39.0
15898,13.0
15899,5.0
15900,11.0
15901,35.0
15902,150.0
15903,398.0
15904,702.0
15905,335.0
15906,190.0
15907,192.0
15908,265.0
15909,256.0
15910,232.0
15911,276.0
15912,382.0
15913,622.0
15914,630.0
15915,488.0
15916,326.0
15917,218.0
15918,172.0
15919,129.0
16375,32.0
16376,16.0
16377,6.0
16378,4.0
16379,9.0
16380,38.0
16381,135.0
16382,382.0
16383,647.0
16384,334.0
16385,179.0
16386,207.0
16387,250.0
16388,255.0
16389,230.0
16390,256.0
16391,362.0
16392,566.0
16393,564.0
16394,409.0
16395,266.0
16396,206.0
16397,169.0
16398,144.0
16399,47.0
16400,21.0
16401,10.0
16402,8.0
16403,11.0
16404,40.0
16405,141.0
16406,371.0
16407,591.0
16408,322.0
16409,202.0
16410,208.0
16411,241.0
16412,233.0
16413,239.0
16414,279.0
16415,368.0
16416,607.0
16417,543.0
16418,395.0
16419,276.0
16420,219.0
16421,158.0
16422,129.0
16423,66.0
16424,70.0
16425,35.0
16426,10.0
16427,7.0
16428,17.0
16429,50.0
16430,145.0
16431,317.0
16432,290.0
16433,323.0
16434,470.0
16435,516.0
16436,545.0
16437,513.0
16438,498.0
16439,507.0
16440,469.0
16441,366.0
16442,290.0
16443,194.0
16444,172.0
16445,159.0
16446,131.0
16447,52.0
16448,25.0
16449,10.0
16450,9.0
16451,9.0
16452,33.0
16453,133.0
16454,343.0
16455,627.0
16456,337.0
16457,196.0
16458,245.0
16459,269.0
16460,297.0
16461,339.0
16462,375.0
16463,438.0
16464,711.0
16465,613.0
16466,502.0
16467,335.0
16468,249.0
16469,190.0
16470,133.0
16471,129.0
16472,90.0
16473,47.0
16474,21.0
16475,13.0
16476,14.0
16477,25.0
16478,70.0
16479,154.0
16480,214.0
16481,256.0
16482,314.0
16483,363.0
16484,405.0
16485,398.0
16486,389.0
16487,370.0
16488,356.0
16489,274.0
16490,235.0
16491,171.0
16492,152.0
16493,136.0
16494,119.0
16495,112.0
16496,122.0
16497,54.0
16498,29.0
16499,12.0
16500,10.0
16501,19.0
16502,45.0
16503,129.0
16504,195.0
16505,282.0
16506,306.0
16507,376.0
16508,361.0
16509,357.0
16510,355.0
16511,358.0
16512,311.0
16513,247.0
16514,211.0
16515,136.0
16516,106.0
16517,95.0
16518,69.0
16519,24.0
16520,11.0
16521,6.0
16522,7.0
16523,8.0
16524,43.0
16525,145.0
16526,379.0
16527,632.0
16528,310.0
16529,177.0
16530,212.0
16531,249.0
16532,245.0
16533,228.0
16534,248.0
16535,373.0
16536,607.0
16537,536.0
16538,366.0
16539,270.0
16540,195.0
16541,123.0
16542,71.0
16543,37.0
16544,17.0
16545,5.0
16546,4.0
16547,9.0
16548,29.0
16549,134.0
16550,172.0
16551,245.0
16552,302.0
16553,122.0
16554,144.0
16555,183.0
16556,196.0
16557,194.0
16558,226.0
16559,300.0
16560,489.0
16561,453.0
16562,341.0
16563,232.0
16564,180.0
16565,143.0
16566,91.0
16567,124.0
16568,62.0
16569,23.0
16570,6.0
16571,8.0
16572,35.0
16573,134.0
16574,353.0
16575,641.0
16576,334.0
16577,202.0
16578,185.0
16579,222.0
16580,237.0
16581,206.0
16582,257.0
16583,359.0
16584,571.0
16585,517.0
16586,377.0
16587,257.0
16588,195.0
16589,146.0
16590,93.0
16591,38.0
16592,19.0
16593,11.0
16594,7.0
16595,39.0
16596,144.0
16597,373.0
16598,614.0
16599,331.0
16600,191.0
16601,188.0
16602,245.0
16603,240.0
16604,205.0
16605,260.0
16606,363.0
16607,575.0
16608,556.0
16609,376.0
16610,260.0
16611,193.0
16612,152.0
16613,134.0
16614,46.0
16615,24.0
16616,10.0
16617,9.0
16618,9.0
16619,35.0
16620,145.0
16621,340.0
16622,545.0
16623,349.0
16624,181.0
16625,206.0
16626,252.0
16627,265.0
16628,258.0
16629,275.0
16630,406.0
16631,580.0
16632,497.0
16633,354.0
16634,254.0
16635,189.0
16636,158.0
16637,142.0
17094,47.0
17095,22.0
17096,16.0
17097,4.0
17098,8.0
17099,35.0
17100,128.0
17101,378.0
17102,613.0
17103,307.0
17104,164.0
17105,186.0
17106,232.0
17107,236.0
17108,218.0
17109,253.0
17110,317.0
17111,539.0
17112,516.0
17113,324.0
17114,244.0
17115,185.0
17116,116.0
17117,109.0
17118,47.0
17119,25.0
17120,11.0
17121,6.0
17122,7.0
17123,30.0
17124,113.0
17125,311.0
17126,548.0
17127,286.0
17128,179.0
17129,193.0
17130,205.0
17131,206.0
17132,201.0
17133,219.0
17134,273.0
17135,377.0
17136,360.0
17137,281.0
17138,206.0
17139,159.0
17140,114.0
17141,96.0
17142,85.0
17143,66.0
17144,50.0
17145,19.0
17146,7.0
17147,12.0
17148,21.0
17149,58.0
17150,131.0
17151,180.0
17152,232.0
17153,278.0
17154,325.0
17155,347.0
17156,338.0
17157,327.0
17158,294.0
17159,252.0
17160,210.0
17161,172.0
17162,128.0
17163,110.0
17164,97.0
17165,94.0
17166,86.0
17167,81.0
17168,57.0
17169,48.0
17170,16.0
17171,10.0
17172,16.0
17173,32.0
17174,94.0
17175,137.0
17176,206.0
17177,246.0
17178,323.0
17179,339.0
17180,351.0
17181,356.0
17182,339.0
17183,293.0
17184,220.0
17185,170.0
17186,120.0
17187,100.0
17188,105.0
17189,55.0
17190,24.0
17191,11.0
17192,5.0
17193,4.0
17194,29.0
17195,113.0
17196,312.0
17197,531.0
17198,242.0
17199,134.0
17200,140.0
17201,167.0
17202,149.0
17203,156.0
17204,170.0
17205,200.0
17206,279.0
17207,279.0
17208,255.0
17209,176.0
17210,149.0
17211,104.0
17212,58.0
17213,45.0
17214,40.0
17215,28.0
17216,10.0
17217,11.0
17218,34.0
17219,106.0
17220,188.0
17221,158.0
17222,222.0
17223,274.0
17224,326.0
17225,384.0
17226,384.0
17227,338.0
17228,301.0
17229,279.0
17230,255.0
17231,207.0
17232,155.0
17233,112.0
17234,101.0
17235,59.0
17236,61.0
17237,30.0
17238,14.0
17239,5.0
17240,6.0
17241,31.0
17242,117.0
17243,251.0
17244,370.0
17245,203.0
17246,141.0
17247,152.0
17248,159.0
17249,161.0
17250,158.0
17251,176.0
17252,206.0
17253,292.0
17254,286.0
17255,232.0
17256,162.0
17257,155.0
17258,98.0
17259,57.0
17260,28.0
17261,15.0
17262,9.0
17263,5.0
17264,8.0
17265,29.0
17266,115.0
17267,328.0
17268,564.0
17269,274.0
17270,167.0
17271,165.0
17272,194.0
17273,193.0
17274,185.0
17275,195.0
17276,241.0
17277,379.0
17278,354.0
17279,275.0
17280,193.0
17281,150.0
17282,110.0
17283,78.0
17284,42.0
17285,22.0
17286,9.0
17287,5.0
17288,6.0
17289,31.0
17290,112.0
17291,303.0
17292,529.0
17293,279.0
17294,159.0
17295,178.0
17296,202.0
17297,203.0
17298,198.0
17299,215.0
17300,276.0
17301,364.0
17302,346.0
17303,266.0
17304,180.0
17305,147.0
17306,118.0
17307,89.0
17308,77.0
17309,69.0
17310,46.0
17311,21.0
17312,6.0
17313,6.0
17314,17.0
17315,46.0
17316,117.0
17317,165.0
17318,203.0
17319,225.0
17320,248.0
17321,252.0
17322,285.0
17323,276.0
17324,286.0
17325,234.0
17326,215.0
17327,181.0
17328,140.0
17329,114.0
17330,109.0
17331,91.0
17332,87.0
17333,80.0
17334,59.0
17335,28.0
17336,13.0
17337,8.0
17338,18.0
17339,31.0
17340,95.0
17341,139.0
17342,219.0
17343,256.0
17344,292.0
17345,296.0
17346,284.0
17347,275.0
17348,259.0
17349,228.0
17350,191.0
17351,190.0
17352,113.0
17353,81.0
17354,73.0
17355,43.0
17356,21.0
17357,11.0
17358,6.0
17359,4.0
17360,7.0
17361,31.0
17362,112.0
17363,311.0
17364,519.0
17365,252.0
17366,148.0
17367,148.0
17368,159.0
17369,171.0
17370,174.0
17371,188.0
17372,238.0
17373,366.0
17374,362.0
17375,266.0
17376,184.0
17377,153.0
17378,111.0
17379,54.0
